{"stats":{"minecraft:mined":{"minecraft:dark_oak_planks":2,"minecraft:tuff":3,"minecraft:spruce_planks":2,"minecraft:grass_block":4,"gobber2:gobber2_lucky_block":14,"minecraft:spruce_leaves":5,"minecraft:hay_block":19,"minecraft:magma_block":11,"minecraft:furnace":5,"minecraft:iron_ore":23,"minecraft:dirt_path":1,"minecraft:stone":81,"minecraft:white_wool":1,"minecraft:podzol":2,"minecraft:deepslate_redstone_ore":8,"minecraft:powder_snow":11,"minecraft:oak_fence":1,"minecraft:crafting_table":9,"minecraft:torch":1,"minecraft:emerald_ore":2,"minecraft:cobblestone":5,"minecraft:deepslate_gold_ore":4,"minecraft:prismarine":2,"minecraft:damaged_anvil":1,"minecraft:white_terracotta":2,"minecraft:birch_planks":1,"byg:soapstone":18,"minecraft:yellow_wool":51,"minecraft:birch_log":24,"minecraft:spruce_log":192,"minecraft:birch_leaves":11,"minecraft:bee_nest":2,"minecraft:grass":2,"minecraft:coal_ore":65,"minecraft:sunflower":1,"minecraft:dirt":16,"minecraft:netherrack":85,"byg:tall_allium":2,"minecraft:deepslate":2,"minecraft:gold_ore":2,"minecraft:oak_leaves":4,"regions_unexplored:tassel":1},"minecraft:used":{"minecraft:oak_fence":1,"minecraft:spruce_planks":99,"minecraft:shield":33,"minecraft:iron_sword":108,"minecraft:torch":19,"minecraft:dirt":21,"minecraft:spruce_boat":5,"minecraft:wooden_axe":45,"immersive_armors:wither_helmet":1,"gobber2:gobber2_gooey_beef":1,"minecraft:golden_carrot":1,"minecraft:bow":4,"minecraft:furnace":7,"minecraft:cooked_beef":10,"immersive_armors:wooden_helmet":1,"minecraft:golden_boots":1,"minecraft:spruce_door":1,"minecraft:stone_pickaxe":107,"minecraft:wooden_pickaxe":20,"betteranimalsplus:goose_egg":2,"emerald_tools:emerald_sword":44,"minecraft:crafting_table":16,"emerald_tools:emerald_pickaxe":19,"minecraft:bread":29,"minecraft:iron_pickaxe":224,"byg:soapstone":1,"minecraft:stone_axe":269,"minecraft:cobblestone":7,"minecraft:cooked_porkchop":1,"minecraft:yellow_bed":4,"immersive_armors:wooden_leggings":1},"minecraft:broken":{"minecraft:stone_pickaxe":1,"minecraft:stone_axe":2,"minecraft:wooden_axe":1},"minecraft:killed_by":{"minecraft:enderman":1,"minecraft:zombie":1},"minecraft:dropped":{"byg:biomepedia":2,"minecraft:iron_ingot":1,"minecraft:bread":24,"minecraft:birch_planks":1,"minecraft:porkchop":2,"minecraft:wheat_seeds":2,"regions_unexplored:tassel":1,"naturalist:glow_goop":1,"minecraft:spruce_door":2,"emerald_tools:emerald_pickaxe":1,"minecraft:leather_helmet":2,"minecraft:diorite":2,"minecraft:golden_carrot":4,"minecraft:torch":23,"immersive_armors:wooden_leggings":1,"minecraft:fire_charge":1,"minecraft:white_banner":3,"minecraft:sunflower":1,"betteranimalsplus:eel_meat_raw":2,"immersive_armors:wooden_chestplate":4,"minecraft:dark_oak_planks":2,"minecraft:birch_log":1,"minecraft:spruce_sapling":42,"betteranimalsplus:pheasantraw":1,"minecraft:iron_nugget":17,"minecraft:cobbled_deepslate":2,"minecraft:tuff":2,"immersive_armors:wooden_boots":1,"minecraft:rotten_flesh":9,"byg:tall_allium":1,"minecraft:prismarine":3,"minecraft:dead_fire_coral_block":1,"betteranimalsplus:wolf_cape_red":2,"minecraft:sea_lantern":2,"minecraft:spruce_boat":1,"betteranimalsplus:crab_meat_raw":2,"minecraft:spruce_planks":266,"betteranimalsplus:wolf_pelt_snowy":1,"minecraft:bow":1,"minecraft:stone_pickaxe":1,"immersive_armors:wooden_helmet":3,"minecraft:netherrack":10},"minecraft:custom":{"minecraft:interact_with_anvil":1,"minecraft:mob_kills":53,"minecraft:interact_with_crafting_table":41,"minecraft:open_barrel":8,"minecraft:leave_game":3,"minecraft:time_since_death":69127,"minecraft:climb_one_cm":4471,"minecraft:sprint_one_cm":226776,"minecraft:walk_one_cm":327193,"minecraft:damage_blocked_by_shield":1203,"minecraft:drop":72,"minecraft:play_time":151293,"minecraft:sneak_time":10920,"minecraft:deaths":2,"minecraft:walk_under_water_one_cm":27310,"minecraft:boat_one_cm":85488,"minecraft:jump":2138,"minecraft:walk_on_water_one_cm":20181,"minecraft:total_world_time":151293,"minecraft:interact_with_furnace":42,"minecraft:sleep_in_bed":2,"minecraft:time_since_rest":21902,"minecraft:damage_taken":2808,"minecraft:damage_dealt":9922,"minecraft:swim_one_cm":57084,"minecraft:fly_one_cm":242618,"minecraft:open_chest":24,"minecraft:crouch_one_cm":36510,"minecraft:fall_one_cm":51736,"minecraft:inspect_dispenser":3},"minecraft:killed":{"minecraft:spider":5,"naturalist:snail":1,"minecraft:skeleton":5,"minecraft:bee":1,"minecraft:drowned":1,"minecraft:wolf":3,"minecraft:pig":4,"naturalist:firefly":2,"betteranimalsplus:pheasant":1,"minecraft:creeper":1,"betteranimalsplus:feralwolf":3,"minecraft:pillager":3,"minecraft:zombie":17,"betteranimalsplus:jellyfish":1,"betteranimalsplus:crab":1,"minecraft:cow":4},"minecraft:picked_up":{"minecraft:crafting_table":10,"byg:soapstone":18,"minecraft:yellow_wool":50,"betteranimalsplus:wolf_pelt_red":6,"minecraft:string":3,"minecraft:cobbled_deepslate":2,"minecraft:spruce_planks":67,"minecraft:beef":11,"minecraft:chest":1,"minecraft:birch_sapling":4,"minecraft:furnace":5,"minecraft:stick":33,"minecraft:raw_iron":23,"minecraft:oak_fence":1,"minecraft:torch":2,"minecraft:porkchop":17,"minecraft:diorite":2,"minecraft:redstone":35,"minecraft:dark_oak_planks":4,"gobber2:gobber2_foo":2,"minecraft:rotten_flesh":20,"byg:biomepedia":1,"immersive_armors:wooden_helmet":1,"minecraft:arrow":6,"minecraft:hay_block":19,"betteranimalsplus:goose_egg":2,"minecraft:cobblestone":89,"minecraft:birch_log":25,"minecraft:magma_block":11,"minecraft:feather":2,"betteranimalsplus:wolf_pelt_snowy":1,"minecraft:leather":4,"gobber2:gobber2_gooey_beefstew":2,"minecraft:birch_planks":1,"minecraft:tuff":2,"minecraft:yellow_bed":2,"regions_unexplored:tassel":1,"minecraft:dirt":24,"minecraft:white_banner":3,"betteranimalsplus:wolf_cape_red":1,"naturalist:glow_goop":1,"minecraft:bone":7,"minecraft:bow":1,"gobber2:gobber2_gooey_beef":1,"minecraft:wheat_seeds":2,"minecraft:raw_gold":6,"minecraft:iron_ingot":6,"minecraft:stone_pickaxe":2,"minecraft:prismarine":3,"gobber2:gobber2_gooey_bread":5,"betteranimalsplus:crab_meat_raw":2,"betteranimalsplus:pheasantraw":1,"minecraft:dead_fire_coral_block":1,"minecraft:spruce_sapling":42,"minecraft:spruce_log":185,"minecraft:leather_helmet":2,"betteranimalsplus:eel_meat_raw":2,"minecraft:spruce_boat":1,"byg:tall_allium":1,"immersive_armors:wooden_chestplate":3,"minecraft:bread":12,"minecraft:emerald":6,"minecraft:damaged_anvil":1,"minecraft:netherrack":74,"gobber2:gobber2_goo":2,"minecraft:coal":148,"minecraft:ender_pearl":1,"minecraft:sunflower":1},"minecraft:crafted":{"minecraft:furnace":3,"minecraft:yellow_bed":2,"immersive_armors:wooden_chestplate":2,"betteranimalsplus:wolf_cape_red":1,"minecraft:stone_pickaxe":1,"minecraft:chest":2,"immersive_armors:wooden_helmet":2,"minecraft:spruce_boat":5,"emerald_tools:emerald_pickaxe":2,"minecraft:wheat":90,"minecraft:cooked_beef":11,"simple_backpack:backpack":1,"minecraft:cooked_porkchop":1,"minecraft:crafting_table":7,"minecraft:spruce_planks":564,"minecraft:wooden_pickaxe":1,"minecraft:spruce_door":3,"minecraft:iron_sword":1,"immersive_armors:wooden_leggings":2,"minecraft:birch_planks":80,"minecraft:stone_axe":3,"minecraft:bread":30,"minecraft:air":0,"immersive_armors:wooden_boots":1,"minecraft:shield":1,"minecraft:stick":12,"minecraft:iron_ingot":5,"minecraft:iron_pickaxe":1,"minecraft:wooden_axe":1,"emerald_tools:emerald_sword":1,"minecraft:torch":12}},"DataVersion":3120}