{"stats":{"minecraft:mined":{"minecraft:dark_oak_planks":2,"minecraft:large_amethyst_bud":2,"minecraft:tuff":13,"minecraft:spruce_planks":2,"minecraft:deepslate_diamond_ore":11,"minecraft:obsidian":19,"minecraft:budding_amethyst":1,"minecraft:grass_block":4,"gobber2:gobber2_lucky_block":14,"minecraft:spruce_leaves":5,"minecraft:hay_block":19,"minecraft:magma_block":11,"minecraft:furnace":6,"minecraft:cobbled_deepslate":6,"minecraft:fire":61,"minecraft:iron_ore":23,"regions_unexplored:mossy_stone":1,"minecraft:andesite":7,"minecraft:deepslate_lapis_ore":2,"minecraft:deepslate_iron_ore":3,"minecraft:dirt_path":1,"minecraft:stone":106,"minecraft:white_wool":1,"minecraft:podzol":2,"minecraft:deepslate_redstone_ore":13,"minecraft:amethyst_cluster":3,"minecraft:powder_snow":11,"minecraft:oak_fence":1,"minecraft:crafting_table":9,"minecraft:torch":10,"minecraft:emerald_ore":2,"minecraft:calcite":2,"minecraft:cobblestone":12,"minecraft:deepslate_gold_ore":4,"minecraft:prismarine":2,"minecraft:damaged_anvil":1,"minecraft:diorite":3,"minecraft:wall_torch":13,"minecraft:amethyst_block":10,"minecraft:white_terracotta":2,"minecraft:birch_planks":1,"byg:soapstone":31,"minecraft:coarse_dirt":1,"minecraft:yellow_wool":51,"minecraft:birch_log":24,"minecraft:spruce_log":192,"minecraft:birch_leaves":11,"gobber2:gobber2_lucky_block_deepslate":6,"minecraft:bee_nest":2,"minecraft:grass":4,"minecraft:coal_ore":73,"minecraft:gravel":49,"minecraft:sunflower":1,"minecraft:dirt":21,"minecraft:smooth_basalt":1,"minecraft:netherrack":85,"byg:tall_allium":2,"minecraft:deepslate":72,"minecraft:gold_ore":2,"minecraft:oak_leaves":4,"regions_unexplored:tassel":1},"minecraft:used":{"minecraft:oak_fence":1,"gobber2:gobber2_goo":7,"minecraft:flint_and_steel":83,"gobber2:gobber2_gooey_bread":4,"minecraft:spruce_planks":103,"minecraft:shield":43,"minecraft:iron_sword":108,"minecraft:torch":75,"minecraft:dirt":21,"emerald_tools:obsidian_hammer":111,"minecraft:tuff":9,"minecraft:granite":1,"minecraft:spruce_boat":5,"minecraft:wooden_axe":45,"immersive_armors:wither_helmet":1,"emerald_tools:diamond_hammer":1006,"regions_unexplored:ash_vent":1,"minecraft:smooth_basalt":3,"gobber2:gobber2_gooey_beef":3,"minecraft:golden_carrot":1,"minecraft:bow":4,"minecraft:furnace":8,"minecraft:cooked_beef":10,"minecraft:cobbled_deepslate":119,"minecraft:calcite":44,"immersive_armors:wooden_helmet":1,"minecraft:golden_boots":1,"minecraft:diorite":8,"minecraft:spruce_door":1,"minecraft:stone_pickaxe":107,"minecraft:wooden_pickaxe":20,"betteranimalsplus:goose_egg":2,"emerald_tools:emerald_sword":76,"minecraft:crafting_table":20,"emerald_tools:emerald_pickaxe":227,"minecraft:diamond_shovel":54,"minecraft:bread":41,"minecraft:iron_pickaxe":224,"minecraft:gravel":5,"byg:soapstone":29,"minecraft:stone_axe":269,"minecraft:cobblestone":32,"minecraft:cooked_porkchop":1,"minecraft:andesite":1,"minecraft:yellow_bed":4,"minecraft:coarse_dirt":1,"immersive_armors:wooden_leggings":1},"minecraft:broken":{"minecraft:flint_and_steel":1,"minecraft:stone_pickaxe":1,"minecraft:stone_axe":2,"minecraft:wooden_axe":1},"minecraft:killed_by":{"minecraft:enderman":1,"minecraft:zombie":1},"minecraft:dropped":{"byg:biomepedia":2,"minecraft:iron_ingot":1,"minecraft:bread":24,"simple_backpack:backpack":1,"minecraft:birch_planks":1,"minecraft:porkchop":2,"minecraft:wheat_seeds":2,"minecraft:cobblestone":29,"minecraft:amethyst_block":197,"regions_unexplored:tassel":1,"naturalist:glow_goop":1,"minecraft:spruce_door":2,"emerald_tools:emerald_pickaxe":1,"minecraft:coal":4,"minecraft:leather_helmet":2,"minecraft:flint":3,"minecraft:dirt":8,"minecraft:diorite":4,"minecraft:golden_carrot":4,"minecraft:torch":23,"immersive_armors:wooden_leggings":2,"byg:soapstone":57,"minecraft:fire_charge":1,"minecraft:white_banner":3,"minecraft:sunflower":1,"betteranimalsplus:eel_meat_raw":2,"immersive_armors:wooden_chestplate":6,"minecraft:dark_oak_planks":6,"minecraft:birch_log":1,"minecraft:spruce_sapling":42,"minecraft:smooth_basalt":21,"minecraft:gravel":56,"minecraft:furnace":2,"betteranimalsplus:pheasantraw":1,"minecraft:iron_nugget":17,"minecraft:golden_chestplate":1,"minecraft:raw_copper":9,"minecraft:cobbled_deepslate":7239,"minecraft:tuff":1452,"minecraft:obsidian":6,"immersive_armors:wooden_boots":1,"minecraft:raw_iron":3,"minecraft:rotten_flesh":9,"byg:tall_allium":1,"minecraft:prismarine":3,"gobber2:gobber2_gooey_beefstew":1,"minecraft:dead_fire_coral_block":1,"betteranimalsplus:wolf_cape_red":2,"minecraft:sea_lantern":2,"minecraft:spruce_boat":1,"betteranimalsplus:crab_meat_raw":2,"minecraft:spruce_planks":268,"betteranimalsplus:wolf_pelt_snowy":1,"minecraft:andesite":10,"minecraft:spider_eye":1,"minecraft:basalt":28,"minecraft:arrow":2,"minecraft:bow":1,"minecraft:wooden_pickaxe":1,"minecraft:stone_pickaxe":2,"minecraft:calcite":36,"immersive_armors:wooden_helmet":3,"minecraft:netherrack":10},"minecraft:custom":{"minecraft:interact_with_anvil":1,"minecraft:mob_kills":59,"minecraft:interact_with_crafting_table":55,"minecraft:open_barrel":8,"minecraft:leave_game":3,"minecraft:time_since_death":177127,"minecraft:climb_one_cm":4471,"minecraft:sprint_one_cm":380317,"minecraft:walk_one_cm":581482,"minecraft:damage_blocked_by_shield":1438,"minecraft:drop":302,"minecraft:play_time":259293,"minecraft:sneak_time":15084,"minecraft:deaths":2,"minecraft:walk_under_water_one_cm":31508,"minecraft:boat_one_cm":85488,"minecraft:jump":3265,"minecraft:interact_with_blast_furnace":1,"minecraft:walk_on_water_one_cm":27674,"minecraft:total_world_time":259293,"minecraft:interact_with_furnace":56,"minecraft:sleep_in_bed":2,"minecraft:time_since_rest":129902,"minecraft:damage_taken":4239,"minecraft:damage_dealt":11770,"minecraft:swim_one_cm":58320,"minecraft:fly_one_cm":321765,"minecraft:open_chest":24,"minecraft:crouch_one_cm":45566,"minecraft:fall_one_cm":79844,"minecraft:inspect_dispenser":3},"minecraft:killed":{"minecraft:spider":6,"naturalist:snail":1,"minecraft:skeleton":7,"minecraft:bee":1,"minecraft:drowned":1,"minecraft:wolf":3,"minecraft:pig":4,"naturalist:firefly":2,"betteranimalsplus:pheasant":1,"minecraft:creeper":2,"betteranimalsplus:feralwolf":5,"minecraft:pillager":3,"minecraft:zombie":17,"betteranimalsplus:jellyfish":1,"betteranimalsplus:crab":1,"minecraft:cow":4},"minecraft:picked_up":{"minecraft:coarse_dirt":1,"minecraft:crafting_table":10,"byg:soapstone":86,"gobber2:gobber2_rod":5,"minecraft:yellow_wool":50,"betteranimalsplus:wolf_pelt_red":9,"minecraft:amethyst_block":197,"minecraft:string":6,"minecraft:raw_copper":9,"minecraft:cobbled_deepslate":7450,"minecraft:spruce_planks":67,"minecraft:beef":11,"minecraft:calcite":80,"minecraft:chest":1,"minecraft:birch_sapling":4,"minecraft:furnace":8,"minecraft:stick":33,"minecraft:raw_iron":42,"regions_unexplored:ash_vent":1,"minecraft:oak_fence":1,"minecraft:torch":23,"minecraft:porkchop":17,"minecraft:diorite":12,"minecraft:redstone":317,"gobber2:gobber2_arrow":3,"minecraft:golden_chestplate":1,"minecraft:dark_oak_planks":6,"gobber2:gobber2_foo":6,"minecraft:rotten_flesh":20,"byg:biomepedia":1,"immersive_armors:wooden_helmet":1,"minecraft:arrow":6,"minecraft:hay_block":19,"minecraft:obsidian":15,"betteranimalsplus:goose_egg":2,"minecraft:cobblestone":170,"minecraft:birch_log":25,"minecraft:magma_block":11,"minecraft:feather":2,"betteranimalsplus:wolf_pelt_snowy":1,"minecraft:basalt":28,"minecraft:andesite":11,"minecraft:leather":4,"gobber2:gobber2_gooey_beefstew":7,"minecraft:birch_planks":1,"minecraft:flint":4,"minecraft:tuff":1458,"minecraft:yellow_bed":2,"minecraft:lapis_lazuli":163,"regions_unexplored:tassel":1,"minecraft:dirt":29,"minecraft:white_banner":3,"betteranimalsplus:wolf_cape_red":1,"naturalist:glow_goop":1,"minecraft:bone":9,"emerald_tools:obsidian_hammer":1,"minecraft:bow":1,"gobber2:gobber2_gooey_beef":11,"minecraft:wheat_seeds":2,"minecraft:raw_gold":56,"minecraft:iron_ingot":6,"minecraft:stone_pickaxe":2,"minecraft:prismarine":3,"gobber2:gobber2_gooey_bread":18,"betteranimalsplus:crab_meat_raw":2,"minecraft:smooth_basalt":24,"minecraft:gravel":61,"betteranimalsplus:pheasantraw":1,"minecraft:amethyst_shard":6,"minecraft:dead_fire_coral_block":1,"mining_dims:mining_teleporter":4,"minecraft:spruce_sapling":42,"minecraft:spruce_log":185,"minecraft:spider_eye":1,"minecraft:leather_helmet":2,"betteranimalsplus:eel_meat_raw":2,"minecraft:diamond":57,"minecraft:spruce_boat":1,"byg:tall_allium":1,"immersive_armors:wooden_chestplate":4,"minecraft:granite":1,"minecraft:bread":12,"minecraft:emerald":6,"minecraft:damaged_anvil":1,"minecraft:netherrack":74,"gobber2:gobber2_goo":10,"minecraft:coal":175,"minecraft:ender_pearl":1,"minecraft:sunflower":1},"minecraft:crafted":{"minecraft:furnace":3,"minecraft:yellow_bed":2,"minecraft:diamond_shovel":1,"minecraft:flint_and_steel":1,"immersive_armors:wooden_chestplate":2,"betteranimalsplus:wolf_cape_red":1,"minecraft:stone_pickaxe":1,"minecraft:chest":2,"immersive_armors:wooden_helmet":2,"minecraft:spruce_boat":5,"emerald_tools:emerald_pickaxe":2,"minecraft:wheat":90,"minecraft:cooked_beef":11,"simple_backpack:backpack":2,"minecraft:cooked_porkchop":1,"emerald_tools:diamond_hammer":1,"minecraft:crafting_table":10,"minecraft:spruce_planks":564,"minecraft:wooden_pickaxe":1,"minecraft:spruce_door":3,"minecraft:iron_sword":1,"immersive_armors:wooden_leggings":2,"minecraft:birch_planks":80,"minecraft:stone_axe":3,"minecraft:bread":30,"minecraft:air":0,"immersive_armors:wooden_boots":1,"mining_dims:mining_teleporter":1,"minecraft:iron_chestplate":1,"minecraft:shield":1,"minecraft:stick":12,"minecraft:iron_ingot":29,"minecraft:iron_pickaxe":1,"minecraft:wooden_axe":1,"minecraft:iron_leggings":1,"emerald_tools:emerald_sword":1,"minecraft:torch":52}},"DataVersion":3120}