{"stats":{"minecraft:mined":{"minecraft:dark_oak_planks":2,"minecraft:large_amethyst_bud":2,"minecraft:tuff":13,"minecraft:spruce_planks":2,"minecraft:deepslate_diamond_ore":11,"minecraft:obsidian":6,"minecraft:budding_amethyst":1,"minecraft:grass_block":4,"gobber2:gobber2_lucky_block":14,"minecraft:spruce_leaves":5,"minecraft:hay_block":19,"minecraft:magma_block":11,"minecraft:furnace":6,"minecraft:cobbled_deepslate":3,"minecraft:fire":50,"minecraft:iron_ore":23,"minecraft:andesite":7,"minecraft:deepslate_lapis_ore":2,"minecraft:deepslate_iron_ore":3,"minecraft:dirt_path":1,"minecraft:stone":106,"minecraft:white_wool":1,"minecraft:podzol":2,"minecraft:deepslate_redstone_ore":13,"minecraft:amethyst_cluster":3,"minecraft:powder_snow":11,"minecraft:oak_fence":1,"minecraft:crafting_table":9,"minecraft:torch":10,"minecraft:emerald_ore":2,"minecraft:calcite":2,"minecraft:cobblestone":7,"minecraft:deepslate_gold_ore":4,"minecraft:prismarine":2,"minecraft:damaged_anvil":1,"minecraft:diorite":3,"minecraft:wall_torch":11,"minecraft:amethyst_block":10,"minecraft:white_terracotta":2,"minecraft:birch_planks":1,"byg:soapstone":30,"minecraft:yellow_wool":51,"minecraft:birch_log":24,"minecraft:spruce_log":192,"minecraft:birch_leaves":11,"gobber2:gobber2_lucky_block_deepslate":6,"minecraft:bee_nest":2,"minecraft:grass":3,"minecraft:coal_ore":73,"minecraft:gravel":49,"minecraft:sunflower":1,"minecraft:dirt":20,"minecraft:smooth_basalt":1,"minecraft:netherrack":85,"byg:tall_allium":2,"minecraft:deepslate":68,"minecraft:gold_ore":2,"minecraft:oak_leaves":4,"regions_unexplored:tassel":1},"minecraft:used":{"minecraft:oak_fence":1,"gobber2:gobber2_goo":5,"minecraft:flint_and_steel":69,"minecraft:spruce_planks":103,"minecraft:shield":37,"minecraft:iron_sword":108,"minecraft:torch":70,"minecraft:dirt":21,"emerald_tools:obsidian_hammer":111,"minecraft:tuff":6,"minecraft:spruce_boat":5,"minecraft:wooden_axe":45,"immersive_armors:wither_helmet":1,"emerald_tools:diamond_hammer":785,"regions_unexplored:ash_vent":1,"minecraft:smooth_basalt":3,"gobber2:gobber2_gooey_beef":1,"minecraft:golden_carrot":1,"minecraft:bow":4,"minecraft:furnace":8,"minecraft:cooked_beef":10,"minecraft:cobbled_deepslate":108,"minecraft:calcite":44,"immersive_armors:wooden_helmet":1,"minecraft:golden_boots":1,"minecraft:spruce_door":1,"minecraft:stone_pickaxe":107,"minecraft:wooden_pickaxe":20,"betteranimalsplus:goose_egg":2,"emerald_tools:emerald_sword":52,"minecraft:crafting_table":19,"emerald_tools:emerald_pickaxe":202,"minecraft:diamond_shovel":54,"minecraft:bread":41,"minecraft:iron_pickaxe":224,"minecraft:gravel":5,"byg:soapstone":29,"minecraft:stone_axe":269,"minecraft:cobblestone":32,"minecraft:cooked_porkchop":1,"minecraft:andesite":1,"minecraft:yellow_bed":4,"immersive_armors:wooden_leggings":1},"minecraft:broken":{"minecraft:flint_and_steel":1,"minecraft:stone_pickaxe":1,"minecraft:stone_axe":2,"minecraft:wooden_axe":1},"minecraft:killed_by":{"minecraft:enderman":1,"minecraft:zombie":1},"minecraft:dropped":{"byg:biomepedia":2,"minecraft:iron_ingot":1,"minecraft:bread":24,"simple_backpack:backpack":1,"minecraft:birch_planks":1,"minecraft:porkchop":2,"minecraft:wheat_seeds":2,"minecraft:cobblestone":29,"minecraft:amethyst_block":197,"regions_unexplored:tassel":1,"naturalist:glow_goop":1,"minecraft:spruce_door":2,"emerald_tools:emerald_pickaxe":1,"minecraft:coal":4,"minecraft:leather_helmet":2,"minecraft:flint":3,"minecraft:dirt":3,"minecraft:diorite":4,"minecraft:golden_carrot":4,"minecraft:torch":23,"immersive_armors:wooden_leggings":2,"minecraft:fire_charge":1,"minecraft:white_banner":3,"minecraft:sunflower":1,"betteranimalsplus:eel_meat_raw":2,"immersive_armors:wooden_chestplate":6,"minecraft:dark_oak_planks":6,"minecraft:birch_log":1,"minecraft:spruce_sapling":42,"minecraft:smooth_basalt":21,"minecraft:gravel":56,"betteranimalsplus:pheasantraw":1,"minecraft:iron_nugget":17,"minecraft:golden_chestplate":1,"minecraft:cobbled_deepslate":5951,"minecraft:tuff":1191,"minecraft:obsidian":6,"immersive_armors:wooden_boots":1,"minecraft:raw_iron":3,"minecraft:rotten_flesh":9,"byg:tall_allium":1,"minecraft:prismarine":3,"gobber2:gobber2_gooey_beefstew":1,"minecraft:dead_fire_coral_block":1,"betteranimalsplus:wolf_cape_red":2,"minecraft:sea_lantern":2,"minecraft:spruce_boat":1,"betteranimalsplus:crab_meat_raw":2,"minecraft:spruce_planks":268,"betteranimalsplus:wolf_pelt_snowy":1,"minecraft:andesite":6,"minecraft:basalt":28,"minecraft:arrow":2,"minecraft:bow":1,"minecraft:wooden_pickaxe":1,"minecraft:stone_pickaxe":2,"minecraft:calcite":36,"immersive_armors:wooden_helmet":3,"minecraft:netherrack":10},"minecraft:custom":{"minecraft:interact_with_anvil":1,"minecraft:mob_kills":54,"minecraft:interact_with_crafting_table":51,"minecraft:open_barrel":8,"minecraft:leave_game":3,"minecraft:time_since_death":153127,"minecraft:climb_one_cm":4471,"minecraft:sprint_one_cm":359759,"minecraft:walk_one_cm":524148,"minecraft:damage_blocked_by_shield":1288,"minecraft:drop":254,"minecraft:play_time":235293,"minecraft:sneak_time":14119,"minecraft:deaths":2,"minecraft:walk_under_water_one_cm":30917,"minecraft:boat_one_cm":85488,"minecraft:jump":3020,"minecraft:interact_with_blast_furnace":1,"minecraft:walk_on_water_one_cm":24179,"minecraft:total_world_time":235293,"minecraft:interact_with_furnace":56,"minecraft:sleep_in_bed":2,"minecraft:time_since_rest":105902,"minecraft:damage_taken":3532,"minecraft:damage_dealt":10482,"minecraft:swim_one_cm":57084,"minecraft:fly_one_cm":295839,"minecraft:open_chest":24,"minecraft:crouch_one_cm":42866,"minecraft:fall_one_cm":64302,"minecraft:inspect_dispenser":3},"minecraft:killed":{"minecraft:spider":5,"naturalist:snail":1,"minecraft:skeleton":6,"minecraft:bee":1,"minecraft:drowned":1,"minecraft:wolf":3,"minecraft:pig":4,"naturalist:firefly":2,"betteranimalsplus:pheasant":1,"minecraft:creeper":1,"betteranimalsplus:feralwolf":3,"minecraft:pillager":3,"minecraft:zombie":17,"betteranimalsplus:jellyfish":1,"betteranimalsplus:crab":1,"minecraft:cow":4},"minecraft:picked_up":{"minecraft:crafting_table":10,"byg:soapstone":30,"gobber2:gobber2_rod":4,"minecraft:yellow_wool":50,"betteranimalsplus:wolf_pelt_red":6,"minecraft:amethyst_block":197,"minecraft:string":3,"minecraft:cobbled_deepslate":6081,"minecraft:spruce_planks":67,"minecraft:beef":11,"minecraft:calcite":80,"minecraft:chest":1,"minecraft:birch_sapling":4,"minecraft:furnace":6,"minecraft:stick":33,"minecraft:raw_iron":34,"regions_unexplored:ash_vent":1,"minecraft:oak_fence":1,"minecraft:torch":21,"minecraft:porkchop":17,"minecraft:diorite":7,"minecraft:redstone":274,"gobber2:gobber2_arrow":2,"minecraft:golden_chestplate":1,"minecraft:dark_oak_planks":6,"gobber2:gobber2_foo":6,"minecraft:rotten_flesh":20,"byg:biomepedia":1,"immersive_armors:wooden_helmet":1,"minecraft:arrow":6,"minecraft:hay_block":19,"minecraft:obsidian":6,"betteranimalsplus:goose_egg":2,"minecraft:cobblestone":114,"minecraft:birch_log":25,"minecraft:magma_block":11,"minecraft:feather":2,"betteranimalsplus:wolf_pelt_snowy":1,"minecraft:basalt":28,"minecraft:andesite":7,"minecraft:leather":4,"gobber2:gobber2_gooey_beefstew":7,"minecraft:birch_planks":1,"minecraft:flint":4,"minecraft:tuff":1207,"minecraft:yellow_bed":2,"minecraft:lapis_lazuli":138,"regions_unexplored:tassel":1,"minecraft:dirt":28,"minecraft:white_banner":3,"betteranimalsplus:wolf_cape_red":1,"naturalist:glow_goop":1,"minecraft:bone":7,"emerald_tools:obsidian_hammer":1,"minecraft:bow":1,"gobber2:gobber2_gooey_beef":10,"minecraft:wheat_seeds":2,"minecraft:raw_gold":51,"minecraft:iron_ingot":6,"minecraft:stone_pickaxe":2,"minecraft:prismarine":3,"gobber2:gobber2_gooey_bread":17,"betteranimalsplus:crab_meat_raw":2,"minecraft:smooth_basalt":24,"minecraft:gravel":61,"betteranimalsplus:pheasantraw":1,"minecraft:amethyst_shard":6,"minecraft:dead_fire_coral_block":1,"minecraft:spruce_sapling":42,"minecraft:spruce_log":185,"minecraft:leather_helmet":2,"betteranimalsplus:eel_meat_raw":2,"minecraft:diamond":49,"minecraft:spruce_boat":1,"byg:tall_allium":1,"immersive_armors:wooden_chestplate":4,"minecraft:bread":12,"minecraft:emerald":6,"minecraft:damaged_anvil":1,"minecraft:netherrack":74,"gobber2:gobber2_goo":7,"minecraft:coal":175,"minecraft:ender_pearl":1,"minecraft:sunflower":1},"minecraft:crafted":{"minecraft:furnace":3,"minecraft:yellow_bed":2,"minecraft:diamond_shovel":1,"minecraft:flint_and_steel":1,"immersive_armors:wooden_chestplate":2,"betteranimalsplus:wolf_cape_red":1,"minecraft:stone_pickaxe":1,"minecraft:chest":2,"immersive_armors:wooden_helmet":2,"minecraft:spruce_boat":5,"emerald_tools:emerald_pickaxe":2,"minecraft:wheat":90,"minecraft:cooked_beef":11,"simple_backpack:backpack":2,"minecraft:cooked_porkchop":1,"emerald_tools:diamond_hammer":1,"minecraft:crafting_table":9,"minecraft:spruce_planks":564,"minecraft:wooden_pickaxe":1,"minecraft:spruce_door":3,"minecraft:iron_sword":1,"immersive_armors:wooden_leggings":2,"minecraft:birch_planks":80,"minecraft:stone_axe":3,"minecraft:bread":30,"minecraft:air":0,"immersive_armors:wooden_boots":1,"minecraft:iron_chestplate":1,"minecraft:shield":1,"minecraft:stick":12,"minecraft:iron_ingot":29,"minecraft:iron_pickaxe":1,"minecraft:wooden_axe":1,"minecraft:iron_leggings":1,"emerald_tools:emerald_sword":1,"minecraft:torch":52}},"DataVersion":3120}