{"stats":{"minecraft:mined":{"minecraft:dark_oak_planks":2,"minecraft:large_amethyst_bud":2,"minecraft:spruce_planks":2,"minecraft:obsidian":19,"minecraft:granite":6,"minecraft:budding_amethyst":1,"minecraft:grass_block":13,"gobber2:gobber2_lucky_block":14,"minecraft:magma_block":11,"minecraft:glowstone":2,"minecraft:iron_ore":23,"minecraft:fire":65,"minecraft:cobbled_deepslate":6,"regions_unexplored:mossy_stone":1,"minecraft:deepslate_lapis_ore":4,"minecraft:dirt_path":1,"minecraft:deepslate_redstone_ore":13,"minecraft:blackstone":10,"minecraft:soul_fire":1,"minecraft:amethyst_cluster":3,"minecraft:powder_snow":11,"minecraft:torch":16,"minecraft:calcite":2,"minecraft:cobblestone":26,"minecraft:prismarine":2,"minecraft:damaged_anvil":1,"minecraft:wall_torch":15,"minecraft:amethyst_block":10,"minecraft:white_terracotta":2,"byg:soapstone":33,"minecraft:yellow_wool":51,"minecraft:birch_log":24,"minecraft:grass":4,"minecraft:dirt":42,"minecraft:smooth_basalt":1,"regions_unexplored:cobalt_nylium":3,"minecraft:netherrack":98,"minecraft:oak_leaves":4,"minecraft:deepslate":123,"minecraft:tuff":20,"minecraft:deepslate_diamond_ore":11,"minecraft:spruce_leaves":5,"minecraft:hay_block":19,"minecraft:furnace":6,"minecraft:andesite":15,"minecraft:deepslate_iron_ore":3,"minecraft:stone":206,"minecraft:white_wool":1,"minecraft:podzol":2,"minecraft:soul_sand":3,"regions_unexplored:cobalt_earlight":1,"minecraft:oak_fence":1,"minecraft:crafting_table":10,"minecraft:emerald_ore":2,"minecraft:copper_ore":1,"minecraft:deepslate_gold_ore":4,"minecraft:lapis_ore":1,"minecraft:diorite":3,"minecraft:birch_planks":1,"minecraft:coarse_dirt":1,"regions_unexplored:hanging_earlight_plant":2,"minecraft:spruce_log":192,"minecraft:birch_leaves":11,"gobber2:gobber2_lucky_block_deepslate":6,"minecraft:bee_nest":2,"minecraft:coal_ore":73,"minecraft:sunflower":1,"minecraft:gravel":55,"regions_unexplored:blackstone_cluster":1,"byg:tall_allium":2,"minecraft:gold_ore":2,"regions_unexplored:tassel":1},"minecraft:used":{"regions_unexplored:cobalt_earlight":1,"gobber2:gobber2_goo":7,"gobber2:gobber2_gooey_bread":4,"minecraft:shield":46,"minecraft:iron_sword":108,"emerald_tools:obsidian_hammer":111,"minecraft:tuff":15,"minecraft:obsidian":12,"minecraft:spruce_boat":5,"regions_unexplored:ash_vent":1,"minecraft:bow":4,"minecraft:furnace":9,"immersive_armors:wooden_helmet":1,"minecraft:golden_boots":1,"minecraft:diorite":8,"minecraft:damaged_anvil":1,"minecraft:spruce_door":1,"minecraft:stone_pickaxe":107,"minecraft:blackstone":7,"minecraft:wooden_pickaxe":20,"betteranimalsplus:goose_egg":2,"emerald_tools:emerald_pickaxe":437,"minecraft:bread":41,"minecraft:gravel":5,"minecraft:andesite":9,"minecraft:coarse_dirt":1,"minecraft:oak_fence":1,"minecraft:flint_and_steel":91,"minecraft:spruce_planks":103,"minecraft:netherrack":12,"minecraft:torch":95,"minecraft:dirt":32,"minecraft:granite":1,"minecraft:wooden_axe":45,"immersive_armors:wither_helmet":1,"emerald_tools:diamond_hammer":1179,"minecraft:smooth_basalt":3,"gobber2:gobber2_gooey_beef":5,"minecraft:golden_carrot":1,"minecraft:cooked_beef":10,"minecraft:cobbled_deepslate":202,"minecraft:calcite":44,"emerald_tools:emerald_sword":86,"minecraft:crafting_table":21,"minecraft:diamond_shovel":87,"minecraft:iron_pickaxe":224,"byg:soapstone":31,"minecraft:stone_axe":269,"minecraft:cobblestone":100,"minecraft:cooked_porkchop":1,"minecraft:bucket":1,"minecraft:yellow_bed":4,"immersive_armors:wooden_leggings":1},"minecraft:broken":{"minecraft:stone_pickaxe":1,"minecraft:stone_axe":2,"minecraft:wooden_axe":1,"minecraft:flint_and_steel":1},"minecraft:killed_by":{"minecraft:zombie":1,"minecraft:enderman":1},"minecraft:dropped":{"byg:biomepedia":2,"simple_backpack:backpack":1,"minecraft:porkchop":2,"minecraft:birch_planks":1,"emerald_tools:emerald_pickaxe":1,"minecraft:leather_helmet":2,"minecraft:flint":3,"minecraft:dirt":22,"byg:lament_sapling":1,"immersive_armors:wooden_leggings":2,"minecraft:sunflower":1,"betteranimalsplus:eel_meat_raw":2,"immersive_armors:wooden_chestplate":6,"minecraft:dark_oak_planks":6,"minecraft:birch_log":1,"minecraft:gold_ingot":2,"minecraft:gravel":58,"minecraft:iron_nugget":17,"minecraft:golden_chestplate":1,"minecraft:cobbled_deepslate":8177,"immersive_armors:wooden_boots":1,"minecraft:obsidian":6,"minecraft:rotten_flesh":9,"minecraft:prismarine":3,"gobber2:gobber2_gooey_beefstew":1,"betteranimalsplus:wolf_cape_red":2,"minecraft:dead_fire_coral_block":1,"minecraft:sea_lantern":2,"regions_unexplored:cobalt_nylium":1,"minecraft:basalt":28,"minecraft:arrow":2,"minecraft:netherrack":74,"minecraft:iron_ingot":1,"minecraft:bread":24,"minecraft:wheat_seeds":2,"minecraft:cobblestone":93,"minecraft:amethyst_block":197,"regions_unexplored:tassel":1,"minecraft:granite":4,"naturalist:glow_goop":1,"minecraft:spruce_door":2,"minecraft:coal":4,"minecraft:diorite":5,"minecraft:golden_carrot":4,"minecraft:torch":23,"byg:soapstone":57,"minecraft:fire_charge":1,"minecraft:white_banner":3,"minecraft:string":6,"minecraft:spruce_sapling":42,"minecraft:smooth_basalt":21,"minecraft:furnace":2,"betteranimalsplus:pheasantraw":1,"minecraft:raw_copper":9,"minecraft:bowl":1,"minecraft:tuff":1454,"minecraft:raw_iron":3,"byg:tall_allium":1,"regions_unexplored:blackstone_cluster":4,"minecraft:spruce_boat":1,"betteranimalsplus:crab_meat_raw":2,"minecraft:spruce_planks":268,"betteranimalsplus:wolf_pelt_snowy":1,"minecraft:andesite":42,"minecraft:spider_eye":1,"minecraft:bow":1,"minecraft:stone_pickaxe":2,"minecraft:wooden_pickaxe":1,"minecraft:calcite":36,"immersive_armors:wooden_helmet":3},"minecraft:custom":{"minecraft:interact_with_crafting_table":64,"minecraft:open_barrel":8,"minecraft:leave_game":3,"minecraft:time_since_death":6884,"minecraft:sprint_one_cm":414182,"minecraft:damage_blocked_by_shield":1538,"minecraft:drop":337,"minecraft:play_time":331293,"minecraft:deaths":3,"minecraft:jump":3734,"minecraft:walk_on_water_one_cm":30592,"minecraft:interact_with_furnace":62,"minecraft:sleep_in_bed":3,"minecraft:damage_dealt":12308,"minecraft:crouch_one_cm":68958,"minecraft:inspect_dispenser":3,"minecraft:mob_kills":61,"minecraft:interact_with_anvil":4,"minecraft:climb_one_cm":4659,"minecraft:walk_one_cm":702235,"minecraft:sneak_time":19999,"minecraft:walk_under_water_one_cm":34624,"minecraft:boat_one_cm":85488,"minecraft:interact_with_blast_furnace":1,"minecraft:total_world_time":331293,"minecraft:time_since_rest":6918,"minecraft:damage_taken":4740,"minecraft:swim_one_cm":62224,"minecraft:fly_one_cm":342032,"minecraft:open_chest":29,"minecraft:fall_one_cm":88413},"minecraft:killed":{"minecraft:spider":6,"naturalist:snail":1,"minecraft:skeleton":7,"minecraft:bee":1,"minecraft:wolf":3,"minecraft:pig":4,"naturalist:firefly":2,"betteranimalsplus:pheasant":1,"minecraft:creeper":2,"minecraft:pillager":3,"minecraft:zombie":17,"betteranimalsplus:jellyfish":1,"minecraft:cow":4,"minecraft:drowned":1,"betteranimalsplus:feralwolf":5,"betteranimalsplus:crab":1,"minecraft:wither_skeleton":1,"minecraft:enderman":1},"minecraft:picked_up":{"minecraft:yellow_wool":50,"regions_unexplored:cobalt_earlight":1,"minecraft:amethyst_block":197,"minecraft:string":6,"minecraft:raw_copper":13,"minecraft:shroomlight":4,"minecraft:cobbled_deepslate":8372,"minecraft:spruce_planks":67,"minecraft:calcite":80,"minecraft:furnace":8,"minecraft:stick":33,"minecraft:oak_fence":1,"minecraft:torch":30,"minecraft:porkchop":17,"minecraft:diorite":13,"minecraft:golden_chestplate":1,"gobber2:gobber2_foo":7,"minecraft:stone_sword":1,"minecraft:rotten_flesh":20,"minecraft:obsidian":37,"minecraft:cobblestone":343,"betteranimalsplus:goose_egg":2,"minecraft:birch_log":25,"minecraft:magma_block":11,"minecraft:feather":2,"minecraft:andesite":51,"minecraft:flint":4,"minecraft:tuff":1466,"minecraft:lapis_lazuli":180,"minecraft:dirt":60,"regions_unexplored:cobalt_roots":1,"minecraft:bone":9,"gobber2:gobber2_gooey_beef":12,"minecraft:bow":1,"emerald_tools:obsidian_hammer":1,"minecraft:wheat_seeds":2,"minecraft:raw_gold":56,"minecraft:glowstone_dust":6,"minecraft:prismarine":3,"gobber2:gobber2_gooey_bread":19,"betteranimalsplus:crab_meat_raw":2,"betteranimalsplus:pheasantraw":1,"mining_dims:mining_teleporter":4,"regions_unexplored:hanging_earlight":3,"byg:lament_log":10,"minecraft:diamond":65,"minecraft:spruce_boat":1,"minecraft:granite":5,"minecraft:emerald":6,"minecraft:bread":12,"minecraft:netherrack":337,"gobber2:gobber2_goo":11,"minecraft:crafting_table":11,"minecraft:coarse_dirt":1,"byg:soapstone":88,"gobber2:gobber2_rod":5,"regions_unexplored:blackstone_cluster":4,"betteranimalsplus:wolf_pelt_red":9,"minecraft:blackstone":93,"minecraft:beef":11,"minecraft:chest":1,"minecraft:birch_sapling":4,"minecraft:raw_iron":42,"regions_unexplored:ash_vent":1,"minecraft:bowl":1,"minecraft:redstone":334,"gobber2:gobber2_arrow":3,"minecraft:dark_oak_planks":6,"byg:biomepedia":1,"immersive_armors:wooden_helmet":1,"minecraft:arrow":6,"minecraft:hay_block":19,"minecraft:gold_ingot":2,"betteranimalsplus:wolf_pelt_snowy":1,"minecraft:basalt":28,"gobber2:gobber2_gooey_beefstew":7,"minecraft:leather":4,"byg:lament_sapling":1,"minecraft:birch_planks":1,"minecraft:yellow_bed":2,"regions_unexplored:tassel":1,"minecraft:white_banner":3,"naturalist:glow_goop":1,"betteranimalsplus:wolf_cape_red":1,"minecraft:iron_ingot":6,"minecraft:stone_pickaxe":2,"minecraft:soul_sand":3,"minecraft:smooth_basalt":24,"minecraft:quartz":7,"minecraft:gravel":63,"minecraft:dead_fire_coral_block":1,"minecraft:amethyst_shard":6,"minecraft:spruce_sapling":42,"minecraft:spruce_log":185,"minecraft:spider_eye":1,"minecraft:leather_helmet":2,"betteranimalsplus:eel_meat_raw":2,"regions_unexplored:cobalt_nylium":1,"byg:tall_allium":1,"immersive_armors:wooden_chestplate":4,"minecraft:damaged_anvil":1,"minecraft:coal":175,"minecraft:sunflower":1,"minecraft:ender_pearl":3},"minecraft:crafted":{"minecraft:diamond_shovel":1,"immersive_armors:wooden_chestplate":2,"minecraft:diamond_helmet":1,"minecraft:diamond_leggings":1,"minecraft:chest":3,"immersive_armors:wooden_helmet":2,"minecraft:cooked_porkchop":1,"emerald_tools:diamond_hammer":1,"minecraft:crafting_table":11,"minecraft:spruce_planks":564,"minecraft:wooden_pickaxe":1,"immersive_armors:wooden_leggings":2,"minecraft:spruce_door":3,"minecraft:birch_planks":80,"immersive_armors:wooden_boots":1,"minecraft:iron_chestplate":1,"minecraft:shield":1,"minecraft:stick":12,"minecraft:iron_ingot":31,"minecraft:iron_pickaxe":1,"emerald_tools:emerald_sword":1,"minecraft:furnace":3,"minecraft:yellow_bed":2,"minecraft:flint_and_steel":1,"betteranimalsplus:wolf_cape_red":1,"minecraft:stone_pickaxe":1,"minecraft:spruce_boat":5,"emerald_tools:emerald_pickaxe":2,"minecraft:wheat":90,"minecraft:cooked_beef":11,"simple_backpack:backpack":3,"minecraft:iron_sword":1,"minecraft:bucket":1,"minecraft:stone_axe":3,"minecraft:bread":30,"minecraft:air":0,"mining_dims:mining_teleporter":1,"minecraft:wooden_axe":1,"minecraft:iron_leggings":1,"minecraft:torch":52,"minecraft:diamond_chestplate":1}},"DataVersion":3120}