{"stats":{"minecraft:mined":{"minecraft:powder_snow":8,"minecraft:oak_fence":1,"minecraft:crafting_table":8,"minecraft:grass_block":3,"gobber2:gobber2_lucky_block":3,"minecraft:cobblestone":2,"minecraft:hay_block":10,"minecraft:furnace":3,"minecraft:birch_log":24,"minecraft:iron_ore":10,"minecraft:spruce_log":92,"minecraft:birch_leaves":4,"minecraft:grass":1,"minecraft:coal_ore":58,"minecraft:dirt_path":1,"minecraft:dirt":16,"minecraft:stone":36,"byg:tall_allium":1,"minecraft:podzol":2},"minecraft:used":{"minecraft:oak_fence":1,"minecraft:stone_pickaxe":107,"minecraft:wooden_pickaxe":20,"minecraft:spruce_planks":15,"minecraft:shield":3,"minecraft:dirt":21,"minecraft:crafting_table":9,"minecraft:wooden_axe":45,"minecraft:bread":15,"minecraft:iron_pickaxe":14,"minecraft:stone_axe":124,"minecraft:bow":4,"minecraft:furnace":4,"immersive_armors:wooden_leggings":1,"minecraft:cooked_beef":2,"immersive_armors:wooden_helmet":1},"minecraft:broken":{"minecraft:stone_pickaxe":1,"minecraft:stone_axe":1,"minecraft:wooden_axe":1},"minecraft:killed_by":{"minecraft:zombie":1},"minecraft:dropped":{"minecraft:bread":24,"minecraft:rotten_flesh":2,"byg:tall_allium":1,"minecraft:spruce_planks":128,"immersive_armors:wooden_leggings":1,"minecraft:stone_pickaxe":1,"immersive_armors:wooden_chestplate":2,"minecraft:birch_log":1,"immersive_armors:wooden_helmet":2},"minecraft:custom":{"minecraft:interact_with_furnace":22,"minecraft:mob_kills":20,"minecraft:interact_with_crafting_table":21,"minecraft:leave_game":3,"minecraft:time_since_death":33938,"minecraft:sleep_in_bed":1,"minecraft:climb_one_cm":1020,"minecraft:time_since_rest":14674,"minecraft:sprint_one_cm":75354,"minecraft:damage_taken":1083,"minecraft:walk_one_cm":100991,"minecraft:damage_blocked_by_shield":78,"minecraft:drop":14,"minecraft:damage_dealt":2985,"minecraft:swim_one_cm":8183,"minecraft:fly_one_cm":61149,"minecraft:open_chest":4,"minecraft:crouch_one_cm":11494,"minecraft:play_time":49293,"minecraft:deaths":1,"minecraft:sneak_time":4326,"minecraft:walk_under_water_one_cm":3888,"minecraft:jump":744,"minecraft:walk_on_water_one_cm":7193,"minecraft:total_world_time":49293,"minecraft:fall_one_cm":16345},"minecraft:killed":{"minecraft:pig":1,"minecraft:spider":1,"minecraft:creeper":1,"naturalist:snail":1,"minecraft:skeleton":2,"minecraft:zombie":10,"minecraft:cow":4},"minecraft:picked_up":{"minecraft:birch_log":25,"minecraft:crafting_table":8,"minecraft:leather":4,"minecraft:dirt":21,"minecraft:string":1,"minecraft:bone":4,"minecraft:bow":1,"minecraft:iron_ingot":3,"minecraft:beef":11,"minecraft:stone_pickaxe":1,"minecraft:birch_sapling":4,"gobber2:gobber2_gooey_bread":2,"minecraft:furnace":3,"minecraft:raw_iron":10,"minecraft:stick":10,"minecraft:oak_fence":1,"minecraft:porkchop":1,"minecraft:spruce_sapling":14,"minecraft:spruce_log":86,"immersive_armors:wooden_helmet":1,"minecraft:arrow":4,"minecraft:rotten_flesh":5,"byg:tall_allium":1,"immersive_armors:wooden_chestplate":1,"minecraft:hay_block":10,"minecraft:bread":12,"minecraft:coal":58,"gobber2:gobber2_goo":1,"minecraft:cobblestone":38},"minecraft:crafted":{"minecraft:cooked_beef":11,"minecraft:crafting_table":2,"minecraft:spruce_planks":168,"minecraft:wooden_pickaxe":1,"minecraft:iron_sword":1,"immersive_armors:wooden_leggings":2,"minecraft:furnace":1,"minecraft:birch_planks":80,"minecraft:stone_axe":2,"minecraft:bread":30,"minecraft:air":0,"immersive_armors:wooden_chestplate":2,"immersive_armors:wooden_boots":1,"minecraft:shield":1,"minecraft:stick":8,"minecraft:iron_ingot":5,"minecraft:iron_pickaxe":1,"minecraft:stone_pickaxe":1,"minecraft:wooden_axe":1,"immersive_armors:wooden_helmet":2,"minecraft:wheat":90}},"DataVersion":3120}