{"stats":{"minecraft:mined":{"minecraft:powder_snow":8,"minecraft:oak_fence":1,"minecraft:crafting_table":8,"minecraft:torch":1,"minecraft:emerald_ore":2,"minecraft:grass_block":3,"gobber2:gobber2_lucky_block":4,"minecraft:cobblestone":2,"minecraft:spruce_leaves":1,"minecraft:hay_block":10,"minecraft:furnace":3,"minecraft:birch_log":24,"minecraft:iron_ore":10,"minecraft:spruce_log":192,"minecraft:birch_leaves":11,"minecraft:grass":2,"minecraft:coal_ore":65,"minecraft:dirt_path":1,"minecraft:dirt":16,"minecraft:stone":36,"byg:tall_allium":2,"minecraft:podzol":2},"minecraft:used":{"minecraft:oak_fence":1,"minecraft:stone_pickaxe":107,"minecraft:wooden_pickaxe":20,"minecraft:spruce_planks":19,"minecraft:shield":7,"minecraft:iron_sword":23,"minecraft:torch":3,"minecraft:dirt":21,"minecraft:crafting_table":9,"minecraft:wooden_axe":45,"minecraft:bread":17,"minecraft:iron_pickaxe":25,"minecraft:stone_axe":241,"minecraft:bow":4,"minecraft:furnace":4,"immersive_armors:wooden_leggings":1,"minecraft:cooked_beef":4,"immersive_armors:wooden_helmet":1},"minecraft:broken":{"minecraft:stone_pickaxe":1,"minecraft:stone_axe":1,"minecraft:wooden_axe":1},"minecraft:killed_by":{"minecraft:zombie":1},"minecraft:dropped":{"minecraft:bread":24,"minecraft:rotten_flesh":2,"byg:tall_allium":1,"naturalist:glow_goop":1,"minecraft:spruce_planks":128,"immersive_armors:wooden_leggings":1,"minecraft:bow":1,"minecraft:stone_pickaxe":1,"immersive_armors:wooden_chestplate":2,"minecraft:birch_log":1,"immersive_armors:wooden_helmet":2,"minecraft:spruce_sapling":42},"minecraft:custom":{"minecraft:interact_with_furnace":22,"minecraft:mob_kills":24,"minecraft:interact_with_crafting_table":21,"minecraft:leave_game":3,"minecraft:time_since_death":45938,"minecraft:sleep_in_bed":1,"minecraft:climb_one_cm":1020,"minecraft:time_since_rest":26674,"minecraft:sprint_one_cm":103899,"minecraft:damage_taken":1289,"minecraft:walk_one_cm":135009,"minecraft:damage_blocked_by_shield":218,"minecraft:drop":23,"minecraft:damage_dealt":3830,"minecraft:swim_one_cm":13915,"minecraft:fly_one_cm":88358,"minecraft:open_chest":4,"minecraft:crouch_one_cm":13519,"minecraft:play_time":61293,"minecraft:deaths":1,"minecraft:sneak_time":4817,"minecraft:walk_under_water_one_cm":4469,"minecraft:jump":1023,"minecraft:walk_on_water_one_cm":7991,"minecraft:total_world_time":61293,"minecraft:fall_one_cm":24025},"minecraft:killed":{"minecraft:pig":1,"naturalist:firefly":2,"minecraft:spider":2,"minecraft:creeper":1,"naturalist:snail":1,"minecraft:skeleton":3,"minecraft:zombie":10,"minecraft:cow":4},"minecraft:picked_up":{"minecraft:birch_log":25,"minecraft:crafting_table":8,"minecraft:leather":4,"minecraft:dirt":21,"minecraft:string":3,"naturalist:glow_goop":1,"minecraft:bone":5,"minecraft:bow":1,"minecraft:iron_ingot":3,"minecraft:beef":11,"minecraft:stone_pickaxe":1,"minecraft:birch_sapling":4,"gobber2:gobber2_gooey_bread":2,"minecraft:furnace":3,"minecraft:raw_iron":10,"minecraft:stick":33,"minecraft:oak_fence":1,"minecraft:torch":1,"minecraft:porkchop":1,"minecraft:spruce_sapling":42,"minecraft:spruce_log":185,"gobber2:gobber2_foo":1,"immersive_armors:wooden_helmet":1,"minecraft:arrow":4,"minecraft:rotten_flesh":6,"byg:tall_allium":1,"immersive_armors:wooden_chestplate":1,"minecraft:hay_block":10,"minecraft:emerald":2,"minecraft:bread":12,"minecraft:coal":65,"gobber2:gobber2_goo":1,"minecraft:cobblestone":40},"minecraft:crafted":{"minecraft:cooked_beef":11,"minecraft:crafting_table":2,"minecraft:spruce_planks":564,"minecraft:wooden_pickaxe":1,"minecraft:iron_sword":1,"immersive_armors:wooden_leggings":2,"minecraft:furnace":1,"minecraft:birch_planks":80,"minecraft:stone_axe":2,"minecraft:bread":30,"minecraft:air":0,"immersive_armors:wooden_chestplate":2,"immersive_armors:wooden_boots":1,"minecraft:shield":1,"minecraft:stick":8,"minecraft:iron_ingot":5,"minecraft:iron_pickaxe":1,"minecraft:stone_pickaxe":1,"minecraft:wooden_axe":1,"immersive_armors:wooden_helmet":2,"minecraft:torch":12,"minecraft:wheat":90}},"DataVersion":3120}