{"stats":{"minecraft:mined":{"minecraft:dark_oak_planks":2,"minecraft:spruce_planks":2,"minecraft:grass_block":4,"gobber2:gobber2_lucky_block":14,"minecraft:spruce_leaves":1,"minecraft:hay_block":19,"minecraft:magma_block":11,"minecraft:furnace":5,"minecraft:iron_ore":15,"minecraft:dirt_path":1,"minecraft:stone":75,"minecraft:podzol":2,"minecraft:powder_snow":11,"minecraft:oak_fence":1,"minecraft:crafting_table":8,"minecraft:torch":1,"minecraft:emerald_ore":2,"minecraft:cobblestone":2,"minecraft:prismarine":2,"minecraft:white_terracotta":2,"byg:soapstone":1,"minecraft:yellow_wool":51,"minecraft:birch_log":24,"minecraft:spruce_log":192,"minecraft:birch_leaves":11,"minecraft:bee_nest":2,"minecraft:grass":2,"minecraft:coal_ore":65,"minecraft:sunflower":1,"minecraft:dirt":16,"minecraft:netherrack":85,"byg:tall_allium":2,"minecraft:oak_leaves":4,"regions_unexplored:tassel":1},"minecraft:used":{"minecraft:oak_fence":1,"minecraft:spruce_planks":90,"minecraft:shield":25,"minecraft:iron_sword":93,"minecraft:torch":5,"minecraft:dirt":21,"minecraft:spruce_boat":5,"minecraft:wooden_axe":45,"immersive_armors:wither_helmet":1,"gobber2:gobber2_gooey_beef":1,"minecraft:golden_carrot":1,"minecraft:bow":4,"minecraft:furnace":7,"minecraft:cooked_beef":10,"immersive_armors:wooden_helmet":1,"minecraft:golden_boots":1,"minecraft:spruce_door":1,"minecraft:stone_pickaxe":107,"minecraft:wooden_pickaxe":20,"betteranimalsplus:goose_egg":1,"minecraft:crafting_table":15,"minecraft:bread":22,"minecraft:iron_pickaxe":185,"byg:soapstone":1,"minecraft:stone_axe":267,"minecraft:yellow_bed":2,"immersive_armors:wooden_leggings":1},"minecraft:broken":{"minecraft:stone_pickaxe":1,"minecraft:stone_axe":2,"minecraft:wooden_axe":1},"minecraft:killed_by":{"minecraft:enderman":1,"minecraft:zombie":1},"minecraft:dropped":{"byg:biomepedia":2,"minecraft:iron_ingot":1,"minecraft:bread":24,"minecraft:porkchop":2,"minecraft:wheat_seeds":2,"regions_unexplored:tassel":1,"naturalist:glow_goop":1,"minecraft:spruce_door":2,"minecraft:leather_helmet":2,"minecraft:golden_carrot":4,"minecraft:torch":23,"immersive_armors:wooden_leggings":1,"minecraft:fire_charge":1,"minecraft:white_banner":2,"minecraft:sunflower":1,"betteranimalsplus:eel_meat_raw":2,"immersive_armors:wooden_chestplate":4,"minecraft:dark_oak_planks":2,"minecraft:birch_log":1,"minecraft:spruce_sapling":42,"betteranimalsplus:pheasantraw":1,"minecraft:iron_nugget":17,"immersive_armors:wooden_boots":1,"minecraft:rotten_flesh":9,"byg:tall_allium":1,"minecraft:prismarine":3,"minecraft:dead_fire_coral_block":1,"betteranimalsplus:wolf_cape_red":2,"minecraft:sea_lantern":2,"minecraft:spruce_boat":1,"betteranimalsplus:crab_meat_raw":2,"minecraft:spruce_planks":266,"betteranimalsplus:wolf_pelt_snowy":1,"minecraft:bow":1,"minecraft:stone_pickaxe":1,"immersive_armors:wooden_helmet":3,"minecraft:netherrack":10},"minecraft:custom":{"minecraft:mob_kills":41,"minecraft:interact_with_crafting_table":36,"minecraft:open_barrel":4,"minecraft:leave_game":3,"minecraft:time_since_death":45127,"minecraft:climb_one_cm":2171,"minecraft:sprint_one_cm":203100,"minecraft:walk_one_cm":272039,"minecraft:damage_blocked_by_shield":793,"minecraft:drop":66,"minecraft:play_time":127293,"minecraft:sneak_time":9018,"minecraft:deaths":2,"minecraft:walk_under_water_one_cm":23945,"minecraft:boat_one_cm":85488,"minecraft:jump":1833,"minecraft:walk_on_water_one_cm":17335,"minecraft:total_world_time":127293,"minecraft:interact_with_furnace":37,"minecraft:sleep_in_bed":1,"minecraft:time_since_rest":45152,"minecraft:damage_taken":2362,"minecraft:damage_dealt":6752,"minecraft:swim_one_cm":45395,"minecraft:fly_one_cm":220734,"minecraft:open_chest":19,"minecraft:crouch_one_cm":29553,"minecraft:fall_one_cm":43393,"minecraft:inspect_dispenser":3},"minecraft:killed":{"minecraft:spider":4,"naturalist:snail":1,"minecraft:skeleton":3,"minecraft:bee":1,"minecraft:drowned":1,"minecraft:wolf":3,"minecraft:pig":4,"naturalist:firefly":2,"betteranimalsplus:pheasant":1,"minecraft:creeper":1,"betteranimalsplus:feralwolf":3,"minecraft:pillager":1,"minecraft:zombie":10,"betteranimalsplus:jellyfish":1,"betteranimalsplus:crab":1,"minecraft:cow":4},"minecraft:picked_up":{"minecraft:crafting_table":9,"byg:soapstone":1,"minecraft:yellow_wool":50,"betteranimalsplus:wolf_pelt_red":6,"minecraft:string":3,"minecraft:spruce_planks":67,"minecraft:beef":11,"minecraft:chest":1,"minecraft:birch_sapling":4,"minecraft:furnace":5,"minecraft:stick":33,"minecraft:raw_iron":15,"minecraft:oak_fence":1,"minecraft:torch":1,"minecraft:porkchop":17,"minecraft:dark_oak_planks":4,"gobber2:gobber2_foo":2,"minecraft:rotten_flesh":8,"byg:biomepedia":1,"immersive_armors:wooden_helmet":1,"minecraft:arrow":4,"minecraft:hay_block":19,"betteranimalsplus:goose_egg":1,"minecraft:cobblestone":80,"minecraft:birch_log":25,"minecraft:magma_block":11,"minecraft:feather":2,"betteranimalsplus:wolf_pelt_snowy":1,"minecraft:leather":4,"gobber2:gobber2_gooey_beefstew":2,"regions_unexplored:tassel":1,"minecraft:dirt":22,"minecraft:white_banner":2,"betteranimalsplus:wolf_cape_red":1,"naturalist:glow_goop":1,"minecraft:bone":5,"minecraft:bow":1,"gobber2:gobber2_gooey_beef":1,"minecraft:wheat_seeds":2,"minecraft:iron_ingot":6,"minecraft:stone_pickaxe":1,"minecraft:prismarine":3,"gobber2:gobber2_gooey_bread":5,"betteranimalsplus:crab_meat_raw":2,"betteranimalsplus:pheasantraw":1,"minecraft:dead_fire_coral_block":1,"minecraft:spruce_sapling":42,"minecraft:spruce_log":185,"minecraft:leather_helmet":2,"betteranimalsplus:eel_meat_raw":2,"minecraft:spruce_boat":1,"byg:tall_allium":1,"immersive_armors:wooden_chestplate":3,"minecraft:bread":12,"minecraft:emerald":2,"minecraft:netherrack":74,"gobber2:gobber2_goo":2,"minecraft:coal":148,"minecraft:ender_pearl":1,"minecraft:sunflower":1},"minecraft:crafted":{"minecraft:furnace":3,"minecraft:yellow_bed":2,"immersive_armors:wooden_chestplate":2,"betteranimalsplus:wolf_cape_red":1,"minecraft:stone_pickaxe":1,"minecraft:chest":2,"immersive_armors:wooden_helmet":2,"minecraft:spruce_boat":5,"minecraft:wheat":90,"minecraft:cooked_beef":11,"simple_backpack:backpack":1,"minecraft:cooked_porkchop":1,"minecraft:crafting_table":6,"minecraft:spruce_planks":564,"minecraft:wooden_pickaxe":1,"minecraft:spruce_door":3,"minecraft:iron_sword":1,"immersive_armors:wooden_leggings":2,"minecraft:birch_planks":80,"minecraft:stone_axe":3,"minecraft:bread":30,"minecraft:air":0,"immersive_armors:wooden_boots":1,"minecraft:shield":1,"minecraft:stick":12,"minecraft:iron_ingot":5,"minecraft:iron_pickaxe":1,"minecraft:wooden_axe":1,"minecraft:torch":12}},"DataVersion":3120}