{"stats":{"minecraft:mined":{"minecraft:dark_oak_planks":2,"minecraft:spruce_planks":2,"minecraft:grass_block":3,"gobber2:gobber2_lucky_block":14,"minecraft:spruce_leaves":1,"minecraft:hay_block":19,"minecraft:magma_block":1,"minecraft:furnace":4,"minecraft:iron_ore":15,"minecraft:dirt_path":1,"minecraft:stone":72,"minecraft:podzol":2,"minecraft:powder_snow":11,"minecraft:oak_fence":1,"minecraft:crafting_table":8,"minecraft:torch":1,"minecraft:emerald_ore":2,"minecraft:cobblestone":2,"minecraft:prismarine":2,"minecraft:white_terracotta":2,"byg:soapstone":1,"minecraft:yellow_wool":1,"minecraft:birch_log":24,"minecraft:spruce_log":192,"minecraft:birch_leaves":11,"minecraft:bee_nest":2,"minecraft:grass":2,"minecraft:coal_ore":65,"minecraft:sunflower":1,"minecraft:dirt":16,"byg:tall_allium":2,"regions_unexplored:tassel":1},"minecraft:used":{"minecraft:oak_fence":1,"minecraft:spruce_planks":56,"minecraft:shield":17,"minecraft:iron_sword":80,"minecraft:torch":3,"minecraft:dirt":21,"minecraft:spruce_boat":3,"minecraft:wooden_axe":45,"immersive_armors:wither_helmet":1,"minecraft:golden_carrot":1,"minecraft:bow":4,"minecraft:furnace":6,"minecraft:cooked_beef":8,"immersive_armors:wooden_helmet":1,"minecraft:golden_boots":1,"minecraft:stone_pickaxe":107,"minecraft:wooden_pickaxe":20,"minecraft:crafting_table":12,"minecraft:bread":18,"minecraft:iron_pickaxe":85,"byg:soapstone":1,"minecraft:stone_axe":246,"immersive_armors:wooden_leggings":1},"minecraft:broken":{"minecraft:stone_pickaxe":1,"minecraft:stone_axe":1,"minecraft:wooden_axe":1},"minecraft:killed_by":{"minecraft:enderman":1,"minecraft:zombie":1},"minecraft:dropped":{"byg:biomepedia":2,"minecraft:iron_ingot":1,"minecraft:bread":24,"minecraft:porkchop":2,"minecraft:wheat_seeds":2,"regions_unexplored:tassel":1,"naturalist:glow_goop":1,"minecraft:leather_helmet":2,"minecraft:golden_carrot":4,"immersive_armors:wooden_leggings":1,"minecraft:fire_charge":1,"minecraft:sunflower":1,"immersive_armors:wooden_chestplate":2,"minecraft:birch_log":1,"minecraft:spruce_sapling":42,"minecraft:iron_nugget":17,"immersive_armors:wooden_boots":1,"minecraft:rotten_flesh":2,"byg:tall_allium":1,"minecraft:prismarine":3,"minecraft:dead_fire_coral_block":1,"betteranimalsplus:wolf_cape_red":2,"minecraft:sea_lantern":2,"minecraft:spruce_boat":1,"betteranimalsplus:crab_meat_raw":2,"minecraft:spruce_planks":206,"betteranimalsplus:wolf_pelt_snowy":1,"minecraft:bow":1,"minecraft:stone_pickaxe":1,"immersive_armors:wooden_helmet":3},"minecraft:custom":{"minecraft:mob_kills":38,"minecraft:interact_with_crafting_table":27,"minecraft:open_barrel":4,"minecraft:leave_game":3,"minecraft:time_since_death":21127,"minecraft:climb_one_cm":2171,"minecraft:sprint_one_cm":185531,"minecraft:walk_one_cm":217938,"minecraft:damage_blocked_by_shield":493,"minecraft:drop":48,"minecraft:play_time":103293,"minecraft:sneak_time":6851,"minecraft:deaths":2,"minecraft:walk_under_water_one_cm":23843,"minecraft:boat_one_cm":20187,"minecraft:jump":1613,"minecraft:walk_on_water_one_cm":16417,"minecraft:total_world_time":103293,"minecraft:interact_with_furnace":29,"minecraft:sleep_in_bed":1,"minecraft:time_since_rest":21152,"minecraft:damage_taken":1931,"minecraft:damage_dealt":6319,"minecraft:swim_one_cm":42572,"minecraft:fly_one_cm":201358,"minecraft:open_chest":16,"minecraft:crouch_one_cm":22257,"minecraft:fall_one_cm":38766,"minecraft:inspect_dispenser":3},"minecraft:killed":{"minecraft:spider":3,"naturalist:snail":1,"minecraft:skeleton":3,"minecraft:bee":1,"minecraft:drowned":1,"minecraft:wolf":3,"minecraft:pig":4,"naturalist:firefly":2,"minecraft:creeper":1,"betteranimalsplus:feralwolf":3,"minecraft:zombie":10,"betteranimalsplus:jellyfish":1,"betteranimalsplus:crab":1,"minecraft:cow":4},"minecraft:picked_up":{"minecraft:crafting_table":9,"byg:soapstone":1,"betteranimalsplus:wolf_pelt_red":6,"minecraft:string":3,"minecraft:spruce_planks":2,"minecraft:beef":11,"minecraft:birch_sapling":4,"minecraft:furnace":4,"minecraft:stick":33,"minecraft:raw_iron":15,"minecraft:oak_fence":1,"minecraft:torch":1,"minecraft:porkchop":10,"minecraft:dark_oak_planks":2,"gobber2:gobber2_foo":2,"minecraft:rotten_flesh":8,"byg:biomepedia":1,"immersive_armors:wooden_helmet":1,"minecraft:arrow":4,"minecraft:hay_block":19,"minecraft:cobblestone":79,"minecraft:birch_log":25,"minecraft:magma_block":1,"betteranimalsplus:wolf_pelt_snowy":1,"minecraft:leather":4,"gobber2:gobber2_gooey_beefstew":2,"regions_unexplored:tassel":1,"minecraft:dirt":21,"betteranimalsplus:wolf_cape_red":1,"naturalist:glow_goop":1,"minecraft:bone":5,"minecraft:bow":1,"gobber2:gobber2_gooey_beef":1,"minecraft:wheat_seeds":2,"minecraft:iron_ingot":6,"minecraft:stone_pickaxe":1,"minecraft:prismarine":3,"gobber2:gobber2_gooey_bread":5,"betteranimalsplus:crab_meat_raw":2,"minecraft:dead_fire_coral_block":1,"minecraft:spruce_sapling":42,"minecraft:spruce_log":185,"minecraft:leather_helmet":2,"minecraft:spruce_boat":1,"byg:tall_allium":1,"immersive_armors:wooden_chestplate":1,"minecraft:bread":12,"minecraft:emerald":2,"gobber2:gobber2_goo":2,"minecraft:coal":80,"minecraft:sunflower":1},"minecraft:crafted":{"minecraft:furnace":3,"immersive_armors:wooden_chestplate":2,"betteranimalsplus:wolf_cape_red":1,"minecraft:stone_pickaxe":1,"immersive_armors:wooden_helmet":2,"minecraft:spruce_boat":3,"minecraft:wheat":90,"minecraft:cooked_beef":11,"minecraft:crafting_table":3,"minecraft:spruce_planks":564,"minecraft:wooden_pickaxe":1,"minecraft:iron_sword":1,"immersive_armors:wooden_leggings":2,"minecraft:birch_planks":80,"minecraft:stone_axe":2,"minecraft:bread":30,"minecraft:air":0,"immersive_armors:wooden_boots":1,"minecraft:shield":1,"minecraft:stick":8,"minecraft:iron_ingot":5,"minecraft:iron_pickaxe":1,"minecraft:wooden_axe":1,"minecraft:torch":12}},"DataVersion":3120}