{"stats":{"minecraft:mined":{"minecraft:diamond_ore":8,"minecraft:tuff":41,"minecraft:deepslate_diamond_ore":33,"minecraft:powder_snow":26,"minecraft:crafting_table":5,"minecraft:torch":1,"minecraft:grass_block":1,"minecraft:copper_ore":33,"minecraft:spruce_leaves":3,"minecraft:deepslate_gold_ore":16,"minecraft:diorite":8,"minecraft:wall_torch":3,"byg:soapstone":1,"minecraft:furnace":2,"minecraft:iron_ore":29,"minecraft:spruce_log":27,"minecraft:andesite":37,"minecraft:deepslate_lapis_ore":4,"minecraft:coal_ore":23,"minecraft:deepslate_iron_ore":7,"minecraft:dirt_path":2,"minecraft:gravel":28,"minecraft:dirt":4,"minecraft:stone":186,"minecraft:deepslate":186},"minecraft:used":{"minecraft:stone_pickaxe":207,"minecraft:baked_potato":1,"minecraft:wooden_pickaxe":37,"minecraft:torch":4,"minecraft:dirt":5,"minecraft:crafting_table":5,"minecraft:diamond_pickaxe":63,"minecraft:bread":3,"minecraft:iron_pickaxe":341,"byg:soapstone":1,"minecraft:cobblestone":26,"minecraft:furnace":2,"minecraft:andesite":35,"minecraft:potato":3},"minecraft:broken":{"minecraft:stone_pickaxe":1,"minecraft:iron_pickaxe":1},"minecraft:dropped":{"minecraft:gravel":25,"byg:biomepedia":3,"minecraft:cobblestone_stairs":3,"minecraft:snowball":5,"minecraft:birch_log":1,"minecraft:spruce_sapling":3},"minecraft:custom":{"minecraft:interact_with_furnace":17,"minecraft:interact_with_crafting_table":20,"minecraft:leave_game":1,"minecraft:time_since_death":45773,"minecraft:climb_one_cm":1107,"minecraft:time_since_rest":45795,"minecraft:sprint_one_cm":43931,"minecraft:damage_taken":549,"minecraft:walk_one_cm":61059,"minecraft:drop":8,"minecraft:damage_dealt":164,"minecraft:talked_to_villager":1,"minecraft:fly_one_cm":15087,"minecraft:open_chest":4,"minecraft:crouch_one_cm":8858,"minecraft:play_time":49950,"minecraft:deaths":1,"minecraft:sneak_time":6857,"minecraft:jump":379,"minecraft:total_world_time":49950,"minecraft:fall_one_cm":7847},"minecraft:picked_up":{"minecraft:birch_log":1,"minecraft:crafting_table":5,"byg:soapstone":1,"minecraft:andesite":35,"minecraft:flint":3,"minecraft:tuff":40,"minecraft:cobblestone_stairs":3,"minecraft:dirt":14,"minecraft:lapis_lazuli":31,"minecraft:raw_copper":112,"minecraft:cobbled_deepslate":186,"minecraft:raw_gold":16,"minecraft:spruce_planks":3,"minecraft:furnace":2,"minecraft:stick":5,"minecraft:raw_iron":36,"minecraft:torch":4,"minecraft:gravel":25,"minecraft:porkchop":3,"minecraft:spruce_sapling":3,"minecraft:diorite":8,"minecraft:spruce_log":25,"byg:biomepedia":2,"minecraft:diamond":41,"minecraft:snowball":5,"minecraft:coal":61,"minecraft:cobblestone":183},"minecraft:crafted":{"minecraft:crafting_table":1,"minecraft:spruce_planks":93,"minecraft:wooden_pickaxe":1,"minecraft:baked_potato":1,"minecraft:iron_helmet":1,"minecraft:furnace":1,"minecraft:air":0,"minecraft:diamond_helmet":1,"minecraft:diamond_leggings":1,"minecraft:iron_boots":1,"minecraft:diamond_pickaxe":1,"minecraft:spruce_wood":3,"minecraft:stick":12,"minecraft:iron_ingot":23,"minecraft:iron_pickaxe":3,"minecraft:stone_pickaxe":3,"minecraft:diamond_boots":1,"minecraft:diamond_chestplate":1}},"DataVersion":3120}