{"stats":{"minecraft:mined":{"minecraft:diamond_ore":8,"minecraft:tuff":41,"minecraft:deepslate_diamond_ore":33,"minecraft:powder_snow":51,"minecraft:brewing_stand":1,"minecraft:crafting_table":5,"minecraft:torch":1,"minecraft:grass_block":2,"minecraft:copper_ore":35,"minecraft:spruce_leaves":9,"minecraft:deepslate_gold_ore":16,"minecraft:sugar_cane":3,"minecraft:diorite":13,"minecraft:wall_torch":3,"byg:soapstone":9,"minecraft:furnace":2,"minecraft:cobbled_deepslate":1,"minecraft:iron_ore":41,"minecraft:spruce_log":27,"minecraft:andesite":53,"minecraft:yellow_bed":1,"minecraft:deepslate_lapis_ore":4,"minecraft:coal_ore":23,"minecraft:deepslate_iron_ore":7,"minecraft:dirt_path":2,"minecraft:gravel":28,"minecraft:dirt":9,"minecraft:stone":241,"minecraft:deepslate":186},"minecraft:used":{"minecraft:diorite":3,"minecraft:stone_pickaxe":207,"minecraft:baked_potato":1,"minecraft:shield":3,"minecraft:wooden_pickaxe":37,"minecraft:diamond_axe":29,"minecraft:rotten_flesh":3,"minecraft:torch":4,"minecraft:dirt":20,"minecraft:crafting_table":8,"minecraft:tuff":15,"minecraft:diamond_pickaxe":176,"minecraft:bread":3,"minecraft:iron_pickaxe":341,"byg:soapstone":9,"minecraft:cobblestone":94,"minecraft:beef":1,"minecraft:furnace":3,"minecraft:cooked_porkchop":3,"minecraft:andesite":51,"minecraft:yellow_bed":1,"minecraft:potato":3,"minecraft:cobbled_deepslate":123},"minecraft:broken":{"minecraft:stone_pickaxe":1,"minecraft:iron_pickaxe":1},"minecraft:dropped":{"minecraft:gravel":25,"byg:biomepedia":3,"minecraft:iron_ingot":4,"minecraft:lightning_rod":1,"minecraft:stick":10,"minecraft:cobblestone_stairs":3,"minecraft:snowball":5,"minecraft:stone_pickaxe":2,"minecraft:birch_log":1,"minecraft:bone":4,"minecraft:spruce_sapling":3},"minecraft:custom":{"minecraft:interact_with_furnace":27,"minecraft:mob_kills":10,"minecraft:interact_with_crafting_table":32,"minecraft:open_barrel":2,"minecraft:leave_game":2,"minecraft:time_since_death":81161,"minecraft:sleep_in_bed":1,"minecraft:climb_one_cm":2236,"minecraft:time_since_rest":27989,"minecraft:sprint_one_cm":99072,"minecraft:damage_taken":782,"minecraft:walk_one_cm":121688,"minecraft:damage_blocked_by_shield":120,"minecraft:drop":16,"minecraft:damage_dealt":1942,"minecraft:swim_one_cm":19395,"minecraft:talked_to_villager":1,"minecraft:fly_one_cm":79358,"minecraft:open_chest":17,"minecraft:crouch_one_cm":9624,"minecraft:play_time":85338,"minecraft:deaths":1,"minecraft:sneak_time":7602,"minecraft:walk_under_water_one_cm":3550,"minecraft:jump":1055,"minecraft:walk_on_water_one_cm":2267,"minecraft:total_world_time":85338,"minecraft:fall_one_cm":25385},"minecraft:killed":{"minecraft:pig":1,"minecraft:spider":1,"minecraft:creeper":1,"minecraft:skeleton":5,"minecraft:zombie":2},"minecraft:picked_up":{"minecraft:birch_log":1,"minecraft:crafting_table":5,"byg:soapstone":9,"minecraft:clock":2,"minecraft:andesite":51,"minecraft:flint":5,"minecraft:tuff":40,"minecraft:brewing_stand":1,"minecraft:yellow_bed":1,"minecraft:cobblestone_stairs":3,"minecraft:dirt":20,"minecraft:lapis_lazuli":31,"minecraft:raw_copper":112,"minecraft:bone":6,"minecraft:bow":1,"minecraft:cobbled_deepslate":188,"minecraft:raw_gold":16,"minecraft:spruce_planks":67,"minecraft:iron_ingot":4,"minecraft:stone_pickaxe":2,"minecraft:sugar_cane":6,"minecraft:furnace":2,"minecraft:stick":12,"minecraft:raw_iron":48,"minecraft:torch":4,"minecraft:gravel":25,"minecraft:porkchop":6,"minecraft:lightning_rod":1,"minecraft:spruce_sapling":3,"minecraft:diorite":13,"minecraft:carrot":1,"minecraft:spruce_log":25,"byg:biomepedia":2,"minecraft:rotten_flesh":3,"minecraft:arrow":6,"minecraft:diamond":41,"minecraft:snowball":5,"minecraft:coal":61,"minecraft:cobblestone":239},"minecraft:crafted":{"minecraft:cooked_porkchop":3,"minecraft:diamond_axe":1,"minecraft:crafting_table":3,"minecraft:spruce_planks":93,"minecraft:wooden_pickaxe":1,"minecraft:baked_potato":1,"minecraft:iron_helmet":1,"minecraft:lightning_rod":1,"minecraft:furnace":1,"minecraft:copper_ingot":7,"minecraft:air":0,"minecraft:diamond_helmet":1,"minecraft:diamond_leggings":1,"minecraft:iron_boots":1,"minecraft:diamond_pickaxe":1,"minecraft:shield":1,"minecraft:spruce_wood":3,"minecraft:stick":16,"minecraft:iron_ingot":23,"minecraft:iron_pickaxe":3,"minecraft:stone_pickaxe":3,"minecraft:diamond_boots":1,"minecraft:diamond_chestplate":1}},"DataVersion":3120}