{"stats":{"minecraft:mined":{"minecraft:tube_coral":1,"minecraft:tuff":34,"minecraft:spruce_planks":12,"minecraft:deepslate_diamond_ore":6,"minecraft:grass_block":25,"minecraft:spruce_leaves":18,"minecraft:spawner":1,"minecraft:large_fern":5,"minecraft:magma_block":6,"minecraft:furnace":6,"minecraft:iron_ore":30,"minecraft:fire":17,"minecraft:snow":13,"minecraft:andesite":1,"minecraft:dead_horn_coral_block":2,"regions_unexplored:seeded_grass":4,"minecraft:dirt_path":2,"regions_unexplored:medium_grass":13,"minecraft:stone":57,"byg:tall_prairie_grass":1,"minecraft:deepslate_redstone_ore":4,"minecraft:snow_block":22,"minecraft:spruce_door":1,"minecraft:powder_snow":58,"minecraft:crafting_table":15,"minecraft:torch":9,"minecraft:cobblestone":25,"minecraft:deepslate_gold_ore":3,"minecraft:prismarine":3,"minecraft:diorite":2,"minecraft:wall_torch":7,"minecraft:dead_fire_coral_block":1,"minecraft:birch_planks":2,"byg:soapstone":5,"minecraft:yellow_wool":1,"minecraft:spruce_log":92,"gobber2:gobber2_lucky_block_deepslate":8,"minecraft:white_wall_banner":2,"minecraft:yellow_bed":2,"minecraft:grass":76,"minecraft:dead_brain_coral_block":1,"minecraft:coal_ore":43,"minecraft:dirt":27,"minecraft:gravel":10,"byg:tall_allium":1,"minecraft:netherrack":30,"minecraft:deepslate":76,"minecraft:oak_leaves":7,"minecraft:fern":3},"minecraft:used":{"minecraft:stone_sword":206,"minecraft:flint_and_steel":55,"gobber2:gobber2_gooey_bread":2,"minecraft:spruce_planks":121,"minecraft:wooden_shovel":59,"minecraft:rotten_flesh":4,"minecraft:torch":35,"minecraft:dirt":13,"betteranimalsplus:pheasantcooked":1,"emerald_tools:obsidian_hammer":123,"minecraft:tuff":6,"minecraft:snowball":48,"minecraft:wooden_axe":131,"emerald_tools:diamond_hammer":526,"immersive_armors:wooden_chestplate":1,"minecraft:furnace":6,"minecraft:cobbled_deepslate":5,"immersive_armors:wooden_helmet":1,"minecraft:water_bucket":5,"minecraft:spruce_door":7,"minecraft:baked_potato":3,"minecraft:stone_pickaxe":203,"minecraft:spruce_chest_boat":1,"minecraft:wooden_pickaxe":6,"betteranimalsplus:pheasant_egg":1,"naturalist:duck_egg":2,"betteranimalsplus:crab_meat_cooked":1,"minecraft:crafting_table":14,"emerald_tools:emerald_pickaxe":160,"minecraft:diamond_pickaxe":3,"minecraft:bread":14,"byg:soapstone":4,"minecraft:gravel":5,"naturalist:glow_goop":1,"minecraft:stone_axe":38,"minecraft:diamond_sword":11,"minecraft:cobblestone":24,"minecraft:bucket":4,"immersive_armors:wooden_leggings":1},"minecraft:broken":{"minecraft:wooden_shovel":1,"minecraft:wooden_axe":1},"minecraft:dropped":{"byg:biomepedia":1,"minecraft:iron_ingot":3,"minecraft:bread":1,"emerald_tools:obsidian_hammer":1,"minecraft:wheat_seeds":3,"minecraft:baked_potato":6,"minecraft:cobblestone":28,"minecraft:apple":9,"minecraft:dead_horn_coral_block":2,"minecraft:coal":48,"minecraft:leather_helmet":2,"minecraft:emerald":8,"minecraft:dirt":35,"immersive_armors:wooden_leggings":1,"minecraft:wooden_axe":1,"minecraft:fire_charge":1,"minecraft:sunflower":1,"immersive_armors:wooden_chestplate":1,"minecraft:spruce_sapling":31,"minecraft:gravel":15,"minecraft:furnace":3,"minecraft:cobbled_deepslate":2871,"minecraft:golden_chestplate":1,"minecraft:raw_copper":12,"minecraft:tuff":454,"immersive_armors:wooden_boots":1,"minecraft:rotten_flesh":3,"byg:tall_allium":2,"minecraft:prismarine":5,"gobber2:gobber2_gooey_beefstew":1,"minecraft:carrot":1,"minecraft:iron_chestplate":2,"minecraft:andesite":1,"minecraft:oak_sapling":1,"minecraft:arrow":2,"minecraft:bow":3,"minecraft:stone_pickaxe":5,"minecraft:wooden_pickaxe":1,"immersive_armors:wooden_helmet":1,"minecraft:netherrack":41},"minecraft:custom":{"minecraft:mob_kills":30,"minecraft:interact_with_crafting_table":47,"minecraft:open_barrel":11,"minecraft:leave_game":1,"minecraft:time_since_death":160950,"minecraft:climb_one_cm":7405,"minecraft:sprint_one_cm":65452,"minecraft:walk_one_cm":653131,"minecraft:drop":145,"minecraft:play_time":160950,"minecraft:sneak_time":3066,"minecraft:walk_under_water_one_cm":10108,"minecraft:boat_one_cm":88874,"minecraft:interact_with_lectern":1,"minecraft:jump":1238,"minecraft:walk_on_water_one_cm":10168,"minecraft:total_world_time":160950,"minecraft:interact_with_furnace":59,"minecraft:interact_with_grindstone":1,"minecraft:sleep_in_bed":1,"minecraft:time_since_rest":57902,"minecraft:damage_taken":1154,"minecraft:damage_dealt":5121,"minecraft:fly_one_cm":92415,"minecraft:swim_one_cm":44868,"minecraft:crouch_one_cm":10913,"minecraft:open_chest":30,"minecraft:fall_one_cm":17811,"minecraft:inspect_dispenser":1},"minecraft:killed":{"minecraft:spider":1,"betteranimalsplus:boar":1,"minecraft:skeleton":2,"minecraft:drowned":2,"betteranimalsplus:feralwolf":1,"minecraft:pillager":1,"minecraft:zombie":20,"minecraft:enderman":2},"minecraft:picked_up":{"minecraft:wooden_axe":1,"minecraft:iron_chestplate":1,"minecraft:crafting_table":14,"byg:soapstone":5,"simple_backpack:backpack":1,"gobber2:gobber2_rod":3,"minecraft:wooden_pickaxe":1,"emerald_tools:emerald_pickaxe":1,"minecraft:dead_horn_coral_block":2,"minecraft:raw_copper":12,"minecraft:cobbled_deepslate":3931,"minecraft:spruce_planks":135,"immersive_armors:wooden_leggings":2,"minecraft:furnace":9,"minecraft:raw_iron":35,"minecraft:stick":16,"minecraft:torch":44,"minecraft:fire_charge":1,"minecraft:carrot":1,"minecraft:redstone":134,"gobber2:gobber2_arrow":3,"gobber2:gobber2_foo":3,"immersive_armors:wooden_helmet":1,"minecraft:arrow":5,"minecraft:rotten_flesh":13,"minecraft:obsidian":6,"minecraft:snowball":100,"minecraft:cobblestone":101,"minecraft:magma_block":6,"minecraft:andesite":1,"gobber2:gobber2_gooey_beefstew":5,"betteranimalsplus:crab_meat_cooked":1,"minecraft:flint":1,"minecraft:tuff":463,"betteranimalsplus:feralwolfhead_red":1,"minecraft:lapis_lazuli":32,"minecraft:dirt":53,"naturalist:glow_goop":1,"betteranimalsplus:pheasant_egg":1,"minecraft:bone":4,"minecraft:apple":9,"minecraft:bow":4,"gobber2:gobber2_gooey_beef":8,"minecraft:wheat_seeds":3,"minecraft:raw_gold":14,"minecraft:iron_ingot":1,"minecraft:stone_pickaxe":3,"minecraft:prismarine":5,"gobber2:gobber2_gooey_bread":15,"betteranimalsplus:crab_meat_raw":2,"minecraft:gravel":20,"betteranimalsplus:pheasantraw":1,"minecraft:spruce_sapling":31,"minecraft:spruce_log":92,"minecraft:spruce_door":7,"naturalist:duck_egg":2,"minecraft:leather_helmet":1,"betteranimalsplus:eel_meat_raw":4,"minecraft:diamond":38,"byg:tall_allium":2,"immersive_armors:wooden_chestplate":1,"gobber2:gobber2_goo":1,"minecraft:emerald":4,"minecraft:bread":13,"minecraft:baked_potato":5,"minecraft:oak_sapling":1,"minecraft:netherrack":41,"minecraft:coal":101,"immersive_armors:wooden_boots":1,"minecraft:sunflower":1},"minecraft:crafted":{"minecraft:smooth_stone":12,"minecraft:furnace":3,"minecraft:blast_furnace":1,"minecraft:stone":12,"minecraft:flint_and_steel":1,"minecraft:diamond_helmet":1,"minecraft:stone_pickaxe":2,"minecraft:chest":1,"minecraft:spruce_boat":1,"emerald_tools:obsidian_hammer":2,"minecraft:wooden_shovel":1,"minecraft:diamond_sword":1,"emerald_tools:diamond_hammer":1,"minecraft:crafting_table":2,"minecraft:spruce_planks":352,"minecraft:baked_potato":6,"minecraft:wooden_pickaxe":1,"minecraft:spruce_chest_boat":1,"minecraft:stone_axe":1,"immersive_armors:wooden_boots":1,"minecraft:iron_chestplate":1,"minecraft:diamond_pickaxe":1,"minecraft:shield":1,"minecraft:stick":24,"minecraft:iron_ingot":17,"minecraft:wooden_axe":2,"minecraft:stone_sword":2,"betteranimalsplus:eel_meat_cooked":4,"minecraft:torch":36,"minecraft:diamond_chestplate":1,"immersive_armors:bone_boots":1,"betteranimalsplus:pheasantcooked":1}},"DataVersion":3120}