{"stats":{"minecraft:mined":{"minecraft:snow":13,"minecraft:snow_block":22,"minecraft:spruce_log":92,"minecraft:powder_snow":58,"minecraft:crafting_table":5,"minecraft:grass":37,"minecraft:grass_block":11,"minecraft:coal_ore":41,"minecraft:dirt_path":2,"minecraft:dirt":3,"minecraft:spruce_leaves":9,"minecraft:stone":18,"byg:tall_allium":1,"minecraft:oak_leaves":1,"byg:tall_prairie_grass":1,"minecraft:wall_torch":1},"minecraft:used":{"minecraft:wooden_axe":131,"minecraft:stone_sword":24,"minecraft:bread":7,"minecraft:stone_pickaxe":55,"minecraft:wooden_pickaxe":6,"minecraft:wooden_shovel":59,"naturalist:glow_goop":1,"minecraft:stone_axe":1,"minecraft:torch":1,"immersive_armors:wooden_chestplate":1,"minecraft:dirt":13,"minecraft:crafting_table":6,"immersive_armors:wooden_leggings":1,"minecraft:snowball":20,"immersive_armors:wooden_helmet":1},"minecraft:broken":{"minecraft:wooden_axe":1,"minecraft:wooden_shovel":1},"minecraft:dropped":{"minecraft:bread":1},"minecraft:custom":{"minecraft:time_since_rest":34950,"minecraft:sprint_one_cm":7953,"minecraft:interact_with_furnace":7,"minecraft:damage_taken":445,"minecraft:walk_one_cm":175807,"minecraft:mob_kills":4,"minecraft:drop":1,"minecraft:damage_dealt":749,"minecraft:swim_one_cm":5294,"minecraft:interact_with_crafting_table":14,"minecraft:fly_one_cm":12385,"minecraft:crouch_one_cm":1361,"minecraft:play_time":34950,"minecraft:sneak_time":291,"minecraft:walk_under_water_one_cm":203,"minecraft:jump":449,"minecraft:walk_on_water_one_cm":1247,"minecraft:leave_game":1,"minecraft:time_since_death":34950,"minecraft:climb_one_cm":1542,"minecraft:total_world_time":34950,"minecraft:fall_one_cm":9260},"minecraft:killed":{"minecraft:zombie":3,"betteranimalsplus:boar":1},"minecraft:picked_up":{"minecraft:stick":11,"minecraft:crafting_table":5,"minecraft:torch":1,"minecraft:spruce_sapling":31,"minecraft:spruce_log":92,"minecraft:dirt":18,"minecraft:arrow":2,"naturalist:glow_goop":1,"immersive_armors:wooden_helmet":1,"minecraft:rotten_flesh":3,"minecraft:bow":1,"minecraft:wheat_seeds":3,"byg:tall_allium":2,"immersive_armors:wooden_chestplate":1,"minecraft:spruce_planks":128,"immersive_armors:wooden_leggings":1,"minecraft:bread":13,"minecraft:coal":41,"minecraft:snowball":100,"minecraft:cobblestone":23},"minecraft:crafted":{"immersive_armors:wooden_boots":1,"minecraft:wooden_shovel":1,"minecraft:crafting_table":2,"minecraft:spruce_planks":352,"minecraft:stick":24,"minecraft:wooden_pickaxe":1,"minecraft:stone_pickaxe":1,"minecraft:wooden_axe":2,"minecraft:stone_sword":1,"minecraft:torch":36,"minecraft:stone_axe":1}},"DataVersion":3120}