{"stats":{"minecraft:mined":{"minecraft:tube_coral":1,"minecraft:snow_block":22,"minecraft:powder_snow":58,"minecraft:crafting_table":7,"minecraft:grass_block":11,"minecraft:spruce_leaves":9,"minecraft:prismarine":3,"minecraft:wall_torch":3,"minecraft:dead_fire_coral_block":1,"minecraft:snow":13,"minecraft:spruce_log":92,"minecraft:dead_horn_coral_block":2,"minecraft:dead_brain_coral_block":1,"minecraft:grass":37,"minecraft:coal_ore":41,"minecraft:dirt_path":2,"minecraft:dirt":3,"minecraft:stone":33,"byg:tall_allium":1,"minecraft:oak_leaves":1,"byg:tall_prairie_grass":1},"minecraft:used":{"minecraft:stone_sword":35,"minecraft:stone_pickaxe":78,"minecraft:spruce_chest_boat":1,"minecraft:wooden_pickaxe":6,"minecraft:wooden_shovel":59,"minecraft:torch":6,"minecraft:dirt":13,"minecraft:crafting_table":7,"minecraft:snowball":20,"minecraft:wooden_axe":131,"minecraft:bread":7,"minecraft:stone_axe":3,"naturalist:glow_goop":1,"immersive_armors:wooden_chestplate":1,"minecraft:cobblestone":14,"immersive_armors:wooden_leggings":1,"immersive_armors:wooden_helmet":1},"minecraft:broken":{"minecraft:wooden_shovel":1,"minecraft:wooden_axe":1},"minecraft:dropped":{"byg:biomepedia":1,"minecraft:bread":1,"minecraft:wheat_seeds":3,"byg:tall_allium":2,"minecraft:prismarine":5,"minecraft:dead_horn_coral_block":2,"minecraft:sunflower":1,"minecraft:arrow":2,"minecraft:spruce_sapling":31},"minecraft:custom":{"minecraft:interact_with_furnace":7,"minecraft:mob_kills":6,"minecraft:interact_with_crafting_table":18,"minecraft:open_barrel":5,"minecraft:leave_game":1,"minecraft:time_since_death":46950,"minecraft:climb_one_cm":1542,"minecraft:time_since_rest":46950,"minecraft:sprint_one_cm":9185,"minecraft:damage_taken":524,"minecraft:walk_one_cm":207799,"minecraft:drop":9,"minecraft:damage_dealt":954,"minecraft:swim_one_cm":15941,"minecraft:fly_one_cm":14547,"minecraft:crouch_one_cm":4558,"minecraft:sneak_time":1439,"minecraft:play_time":46950,"minecraft:walk_under_water_one_cm":7785,"minecraft:boat_one_cm":444,"minecraft:jump":491,"minecraft:walk_on_water_one_cm":3868,"minecraft:total_world_time":46950,"minecraft:fall_one_cm":9260},"minecraft:killed":{"betteranimalsplus:boar":1,"minecraft:zombie":4,"minecraft:drowned":1},"minecraft:picked_up":{"minecraft:crafting_table":7,"minecraft:dead_horn_coral_block":2,"minecraft:dirt":18,"naturalist:glow_goop":1,"minecraft:bow":1,"minecraft:wheat_seeds":3,"minecraft:spruce_planks":128,"immersive_armors:wooden_leggings":1,"minecraft:prismarine":5,"gobber2:gobber2_gooey_bread":1,"minecraft:stick":11,"betteranimalsplus:crab_meat_raw":2,"minecraft:torch":6,"minecraft:spruce_sapling":31,"minecraft:spruce_log":92,"immersive_armors:wooden_helmet":1,"minecraft:arrow":2,"minecraft:rotten_flesh":3,"byg:tall_allium":2,"immersive_armors:wooden_chestplate":1,"minecraft:bread":13,"minecraft:coal":41,"minecraft:snowball":100,"minecraft:cobblestone":37,"minecraft:sunflower":1},"minecraft:crafted":{"minecraft:wooden_shovel":1,"minecraft:crafting_table":2,"minecraft:spruce_planks":352,"minecraft:wooden_pickaxe":1,"minecraft:spruce_chest_boat":1,"minecraft:stone_axe":1,"immersive_armors:wooden_boots":1,"minecraft:stick":24,"minecraft:stone_pickaxe":1,"minecraft:wooden_axe":2,"minecraft:stone_sword":1,"minecraft:chest":1,"minecraft:spruce_boat":1,"minecraft:torch":36}},"DataVersion":3120}