{"stats":{"minecraft:mined":{"minecraft:tube_coral":1,"minecraft:snow_block":22,"minecraft:powder_snow":58,"minecraft:crafting_table":7,"minecraft:torch":2,"minecraft:grass_block":11,"minecraft:spruce_leaves":9,"minecraft:prismarine":3,"minecraft:wall_torch":3,"minecraft:dead_fire_coral_block":1,"minecraft:snow":13,"minecraft:spruce_log":92,"regions_unexplored:seeded_grass":2,"minecraft:dead_horn_coral_block":2,"minecraft:dead_brain_coral_block":1,"minecraft:grass":37,"minecraft:coal_ore":43,"minecraft:dirt_path":2,"minecraft:dirt":3,"regions_unexplored:medium_grass":2,"minecraft:stone":56,"byg:tall_allium":1,"minecraft:oak_leaves":1,"byg:tall_prairie_grass":1},"minecraft:used":{"minecraft:stone_sword":59,"minecraft:stone_pickaxe":107,"minecraft:spruce_chest_boat":1,"minecraft:wooden_pickaxe":6,"minecraft:wooden_shovel":59,"minecraft:torch":10,"minecraft:dirt":13,"minecraft:crafting_table":7,"minecraft:snowball":20,"minecraft:wooden_axe":131,"minecraft:bread":10,"minecraft:stone_axe":3,"naturalist:glow_goop":1,"immersive_armors:wooden_chestplate":1,"minecraft:cobblestone":14,"immersive_armors:wooden_leggings":1,"immersive_armors:wooden_helmet":1},"minecraft:broken":{"minecraft:wooden_shovel":1,"minecraft:wooden_axe":1},"minecraft:dropped":{"byg:biomepedia":1,"minecraft:bread":1,"minecraft:wheat_seeds":3,"minecraft:rotten_flesh":3,"byg:tall_allium":2,"minecraft:prismarine":5,"minecraft:dead_horn_coral_block":2,"minecraft:carrot":1,"minecraft:sunflower":1,"minecraft:arrow":2,"minecraft:stone_pickaxe":1,"minecraft:spruce_sapling":31},"minecraft:custom":{"minecraft:interact_with_furnace":7,"minecraft:mob_kills":10,"minecraft:interact_with_crafting_table":18,"minecraft:open_barrel":5,"minecraft:leave_game":1,"minecraft:time_since_death":58950,"minecraft:climb_one_cm":1542,"minecraft:time_since_rest":58950,"minecraft:sprint_one_cm":17508,"minecraft:damage_taken":585,"minecraft:walk_one_cm":264235,"minecraft:drop":14,"minecraft:damage_dealt":1693,"minecraft:swim_one_cm":21348,"minecraft:fly_one_cm":36040,"minecraft:crouch_one_cm":5267,"minecraft:sneak_time":1930,"minecraft:play_time":58950,"minecraft:walk_under_water_one_cm":7983,"minecraft:boat_one_cm":444,"minecraft:jump":631,"minecraft:walk_on_water_one_cm":4104,"minecraft:total_world_time":58950,"minecraft:fall_one_cm":11787},"minecraft:killed":{"betteranimalsplus:boar":1,"minecraft:skeleton":2,"minecraft:zombie":6,"minecraft:drowned":1},"minecraft:picked_up":{"minecraft:crafting_table":7,"minecraft:dead_horn_coral_block":2,"minecraft:dirt":18,"minecraft:raw_copper":6,"naturalist:glow_goop":1,"minecraft:bone":4,"minecraft:bow":2,"minecraft:wheat_seeds":3,"minecraft:spruce_planks":128,"minecraft:stone_pickaxe":1,"immersive_armors:wooden_leggings":1,"minecraft:prismarine":5,"gobber2:gobber2_gooey_bread":1,"minecraft:stick":16,"betteranimalsplus:crab_meat_raw":2,"minecraft:torch":10,"minecraft:gravel":13,"minecraft:spruce_sapling":31,"minecraft:carrot":1,"minecraft:spruce_log":92,"immersive_armors:wooden_helmet":1,"minecraft:arrow":5,"minecraft:rotten_flesh":5,"byg:tall_allium":2,"immersive_armors:wooden_chestplate":1,"minecraft:bread":13,"minecraft:coal":43,"minecraft:snowball":100,"minecraft:cobblestone":60,"minecraft:sunflower":1},"minecraft:crafted":{"minecraft:wooden_shovel":1,"minecraft:crafting_table":2,"minecraft:spruce_planks":352,"minecraft:wooden_pickaxe":1,"minecraft:spruce_chest_boat":1,"minecraft:stone_axe":1,"immersive_armors:wooden_boots":1,"minecraft:stick":24,"minecraft:stone_pickaxe":1,"minecraft:wooden_axe":2,"minecraft:stone_sword":1,"minecraft:chest":1,"minecraft:spruce_boat":1,"minecraft:torch":36}},"DataVersion":3120}