{"stats":{"minecraft:mined":{"minecraft:tube_coral":1,"minecraft:tuff":21,"minecraft:spruce_planks":1,"minecraft:snow_block":22,"minecraft:powder_snow":58,"minecraft:crafting_table":8,"minecraft:torch":4,"minecraft:grass_block":11,"minecraft:cobblestone":24,"minecraft:spruce_leaves":9,"minecraft:prismarine":3,"minecraft:wall_torch":3,"minecraft:dead_fire_coral_block":1,"byg:soapstone":5,"minecraft:furnace":1,"minecraft:snow":13,"minecraft:spruce_log":92,"regions_unexplored:seeded_grass":4,"minecraft:dead_horn_coral_block":2,"minecraft:dead_brain_coral_block":1,"minecraft:grass":73,"minecraft:coal_ore":43,"minecraft:dirt_path":2,"minecraft:gravel":4,"minecraft:dirt":3,"regions_unexplored:medium_grass":13,"minecraft:stone":56,"byg:tall_allium":1,"minecraft:fern":3,"minecraft:oak_leaves":1,"byg:tall_prairie_grass":1},"minecraft:used":{"minecraft:stone_sword":148,"minecraft:stone_pickaxe":164,"minecraft:spruce_chest_boat":1,"minecraft:wooden_pickaxe":6,"minecraft:wooden_shovel":59,"minecraft:rotten_flesh":4,"minecraft:torch":12,"minecraft:dirt":13,"betteranimalsplus:crab_meat_cooked":1,"minecraft:crafting_table":8,"minecraft:tuff":6,"minecraft:snowball":32,"minecraft:wooden_axe":131,"minecraft:bread":12,"minecraft:gravel":5,"byg:soapstone":4,"minecraft:stone_axe":5,"naturalist:glow_goop":1,"immersive_armors:wooden_chestplate":1,"minecraft:cobblestone":14,"immersive_armors:wooden_leggings":1,"immersive_armors:wooden_helmet":1},"minecraft:broken":{"minecraft:wooden_shovel":1,"minecraft:wooden_axe":1},"minecraft:dropped":{"byg:biomepedia":1,"minecraft:iron_ingot":3,"minecraft:bread":1,"minecraft:wheat_seeds":3,"minecraft:baked_potato":1,"minecraft:raw_copper":12,"immersive_armors:wooden_boots":1,"minecraft:rotten_flesh":3,"byg:tall_allium":2,"minecraft:prismarine":5,"minecraft:dead_horn_coral_block":2,"minecraft:carrot":1,"minecraft:leather_helmet":2,"immersive_armors:wooden_leggings":1,"minecraft:wooden_axe":1,"minecraft:sunflower":1,"minecraft:arrow":2,"minecraft:stone_pickaxe":1,"minecraft:spruce_sapling":31},"minecraft:custom":{"minecraft:interact_with_furnace":19,"minecraft:mob_kills":19,"minecraft:interact_with_crafting_table":23,"minecraft:open_barrel":7,"minecraft:leave_game":1,"minecraft:time_since_death":76950,"minecraft:climb_one_cm":3719,"minecraft:time_since_rest":76950,"minecraft:sprint_one_cm":36826,"minecraft:damage_taken":840,"minecraft:walk_one_cm":351119,"minecraft:drop":28,"minecraft:damage_dealt":3133,"minecraft:open_chest":15,"minecraft:swim_one_cm":24513,"minecraft:fly_one_cm":63502,"minecraft:crouch_one_cm":6700,"minecraft:sneak_time":2183,"minecraft:play_time":76950,"minecraft:walk_under_water_one_cm":8770,"minecraft:boat_one_cm":14031,"minecraft:jump":794,"minecraft:walk_on_water_one_cm":5986,"minecraft:total_world_time":76950,"minecraft:inspect_dispenser":1,"minecraft:fall_one_cm":14415},"minecraft:killed":{"betteranimalsplus:boar":1,"betteranimalsplus:feralwolf":1,"minecraft:skeleton":2,"minecraft:zombie":13,"minecraft:drowned":2},"minecraft:picked_up":{"minecraft:wooden_axe":1,"byg:soapstone":5,"minecraft:crafting_table":7,"minecraft:flint":1,"betteranimalsplus:crab_meat_cooked":1,"minecraft:tuff":21,"betteranimalsplus:feralwolfhead_red":1,"minecraft:dead_horn_coral_block":2,"minecraft:dirt":18,"minecraft:raw_copper":12,"naturalist:glow_goop":1,"minecraft:bone":4,"minecraft:bow":2,"minecraft:wheat_seeds":3,"minecraft:spruce_planks":129,"minecraft:iron_ingot":1,"minecraft:stone_pickaxe":1,"immersive_armors:wooden_leggings":2,"minecraft:prismarine":5,"gobber2:gobber2_gooey_bread":1,"minecraft:furnace":1,"minecraft:stick":16,"betteranimalsplus:crab_meat_raw":2,"minecraft:torch":12,"minecraft:gravel":17,"minecraft:spruce_sapling":31,"minecraft:carrot":1,"minecraft:spruce_log":92,"minecraft:leather_helmet":1,"immersive_armors:wooden_helmet":1,"minecraft:arrow":5,"minecraft:rotten_flesh":13,"byg:tall_allium":2,"immersive_armors:wooden_chestplate":1,"minecraft:bread":13,"immersive_armors:wooden_boots":1,"minecraft:coal":43,"minecraft:snowball":100,"minecraft:cobblestone":82,"minecraft:sunflower":1},"minecraft:crafted":{"minecraft:wooden_shovel":1,"minecraft:crafting_table":2,"minecraft:spruce_planks":352,"minecraft:wooden_pickaxe":1,"minecraft:baked_potato":1,"minecraft:spruce_chest_boat":1,"minecraft:stone_axe":1,"immersive_armors:wooden_boots":1,"minecraft:shield":1,"minecraft:stick":24,"minecraft:iron_ingot":3,"minecraft:stone_pickaxe":1,"minecraft:wooden_axe":2,"minecraft:stone_sword":1,"minecraft:chest":1,"minecraft:spruce_boat":1,"minecraft:torch":36,"immersive_armors:bone_boots":1}},"DataVersion":3120}