{"stats":{"minecraft:mined":{"minecraft:tube_coral":1,"minecraft:tuff":21,"minecraft:spruce_planks":1,"minecraft:snow_block":22,"minecraft:powder_snow":58,"minecraft:crafting_table":9,"minecraft:torch":4,"minecraft:grass_block":11,"minecraft:cobblestone":24,"minecraft:spruce_leaves":9,"minecraft:prismarine":3,"minecraft:wall_torch":3,"minecraft:dead_fire_coral_block":1,"byg:soapstone":5,"minecraft:furnace":2,"minecraft:yellow_wool":1,"minecraft:snow":13,"minecraft:spruce_log":92,"regions_unexplored:seeded_grass":4,"minecraft:dead_horn_coral_block":2,"minecraft:dead_brain_coral_block":1,"minecraft:grass":75,"minecraft:coal_ore":43,"minecraft:dirt_path":2,"minecraft:gravel":4,"minecraft:dirt":3,"regions_unexplored:medium_grass":13,"minecraft:stone":56,"byg:tall_allium":1,"minecraft:fern":3,"minecraft:oak_leaves":7,"byg:tall_prairie_grass":1},"minecraft:used":{"minecraft:stone_sword":171,"minecraft:stone_pickaxe":165,"minecraft:spruce_chest_boat":1,"minecraft:wooden_pickaxe":6,"betteranimalsplus:pheasant_egg":1,"minecraft:wooden_shovel":59,"naturalist:duck_egg":2,"minecraft:rotten_flesh":4,"minecraft:torch":12,"minecraft:dirt":13,"betteranimalsplus:crab_meat_cooked":1,"minecraft:crafting_table":8,"minecraft:tuff":6,"minecraft:snowball":32,"minecraft:wooden_axe":131,"minecraft:bread":14,"minecraft:furnace":1,"minecraft:gravel":5,"byg:soapstone":4,"minecraft:stone_axe":6,"naturalist:glow_goop":1,"immersive_armors:wooden_chestplate":1,"minecraft:cobblestone":14,"immersive_armors:wooden_leggings":1,"immersive_armors:wooden_helmet":1},"minecraft:broken":{"minecraft:wooden_shovel":1,"minecraft:wooden_axe":1},"minecraft:dropped":{"byg:biomepedia":1,"minecraft:iron_ingot":3,"minecraft:bread":1,"minecraft:wheat_seeds":3,"minecraft:baked_potato":1,"minecraft:raw_copper":12,"immersive_armors:wooden_boots":1,"minecraft:rotten_flesh":3,"byg:tall_allium":2,"minecraft:prismarine":5,"minecraft:dead_horn_coral_block":2,"minecraft:carrot":1,"minecraft:leather_helmet":2,"immersive_armors:wooden_leggings":1,"minecraft:wooden_axe":1,"minecraft:oak_sapling":1,"minecraft:sunflower":1,"minecraft:bow":3,"minecraft:arrow":2,"minecraft:wooden_pickaxe":1,"minecraft:stone_pickaxe":1,"minecraft:spruce_sapling":31},"minecraft:custom":{"minecraft:interact_with_furnace":22,"minecraft:mob_kills":21,"minecraft:interact_with_crafting_table":25,"minecraft:open_barrel":7,"minecraft:leave_game":1,"minecraft:time_since_death":88950,"minecraft:climb_one_cm":3719,"minecraft:time_since_rest":88950,"minecraft:sprint_one_cm":40183,"minecraft:damage_taken":866,"minecraft:walk_one_cm":401273,"minecraft:drop":33,"minecraft:damage_dealt":3839,"minecraft:open_chest":16,"minecraft:swim_one_cm":27833,"minecraft:fly_one_cm":66550,"minecraft:crouch_one_cm":7719,"minecraft:sneak_time":2361,"minecraft:play_time":88950,"minecraft:walk_under_water_one_cm":8989,"minecraft:boat_one_cm":19739,"minecraft:interact_with_lectern":1,"minecraft:jump":859,"minecraft:walk_on_water_one_cm":6683,"minecraft:total_world_time":88950,"minecraft:inspect_dispenser":1,"minecraft:fall_one_cm":14893},"minecraft:killed":{"betteranimalsplus:boar":1,"betteranimalsplus:feralwolf":1,"minecraft:skeleton":2,"minecraft:zombie":13,"minecraft:drowned":2,"minecraft:enderman":2},"minecraft:picked_up":{"minecraft:wooden_axe":1,"byg:soapstone":5,"minecraft:crafting_table":8,"minecraft:wooden_pickaxe":1,"minecraft:flint":1,"betteranimalsplus:crab_meat_cooked":1,"minecraft:tuff":21,"betteranimalsplus:feralwolfhead_red":1,"minecraft:dead_horn_coral_block":2,"minecraft:dirt":18,"minecraft:raw_copper":12,"naturalist:glow_goop":1,"betteranimalsplus:pheasant_egg":1,"minecraft:bone":4,"minecraft:bow":4,"minecraft:wheat_seeds":3,"minecraft:spruce_planks":129,"minecraft:iron_ingot":1,"minecraft:stone_pickaxe":1,"immersive_armors:wooden_leggings":2,"minecraft:prismarine":5,"gobber2:gobber2_gooey_bread":1,"minecraft:furnace":2,"minecraft:stick":16,"betteranimalsplus:crab_meat_raw":2,"minecraft:torch":12,"minecraft:gravel":17,"betteranimalsplus:pheasantraw":1,"minecraft:spruce_sapling":31,"betteranimalsplus:eel_meat_raw":2,"minecraft:carrot":1,"minecraft:spruce_log":92,"naturalist:duck_egg":2,"minecraft:leather_helmet":1,"immersive_armors:wooden_helmet":1,"minecraft:arrow":5,"minecraft:rotten_flesh":13,"byg:tall_allium":2,"immersive_armors:wooden_chestplate":1,"minecraft:oak_sapling":1,"minecraft:bread":13,"immersive_armors:wooden_boots":1,"minecraft:coal":43,"minecraft:snowball":100,"minecraft:cobblestone":82,"minecraft:sunflower":1},"minecraft:crafted":{"minecraft:wooden_shovel":1,"minecraft:crafting_table":2,"minecraft:spruce_planks":352,"minecraft:wooden_pickaxe":1,"minecraft:baked_potato":1,"minecraft:spruce_chest_boat":1,"minecraft:stone_axe":1,"immersive_armors:wooden_boots":1,"minecraft:shield":1,"minecraft:stick":24,"minecraft:iron_ingot":3,"minecraft:stone_pickaxe":1,"minecraft:wooden_axe":2,"minecraft:stone_sword":1,"minecraft:chest":1,"minecraft:spruce_boat":1,"minecraft:torch":36,"immersive_armors:bone_boots":1,"betteranimalsplus:pheasantcooked":1}},"DataVersion":3120}