{"stats":{"minecraft:mined":{"minecraft:large_amethyst_bud":6,"minecraft:tube_coral":1,"minecraft:tuff":34,"minecraft:spruce_planks":12,"minecraft:deepslate_diamond_ore":6,"minecraft:obsidian":5,"minecraft:granite":6,"minecraft:budding_amethyst":5,"minecraft:grass_block":26,"minecraft:spruce_leaves":18,"minecraft:spawner":1,"minecraft:large_fern":5,"minecraft:magma_block":7,"regions_unexplored:stone_bud":5,"minecraft:furnace":7,"minecraft:iron_ore":30,"minecraft:cobbled_deepslate":11,"minecraft:fire":28,"minecraft:snow":13,"minecraft:andesite":4,"regions_unexplored:tall_maple_sapling":2,"minecraft:dead_horn_coral_block":2,"regions_unexplored:seeded_grass":4,"minecraft:dirt_path":2,"minecraft:small_amethyst_bud":8,"regions_unexplored:ash_vent":1,"regions_unexplored:medium_grass":32,"minecraft:stone":58,"byg:tall_prairie_grass":1,"minecraft:deepslate_redstone_ore":4,"minecraft:medium_amethyst_bud":5,"minecraft:snow_block":22,"minecraft:amethyst_cluster":1,"minecraft:basalt":3,"minecraft:spruce_door":1,"minecraft:powder_snow":58,"minecraft:crafting_table":18,"minecraft:torch":10,"minecraft:blast_furnace":2,"regions_unexplored:dead_leaves":1,"minecraft:cobblestone":88,"minecraft:deepslate_gold_ore":3,"minecraft:prismarine":3,"minecraft:diorite":5,"minecraft:wall_torch":15,"minecraft:amethyst_block":59,"minecraft:dead_fire_coral_block":1,"minecraft:birch_planks":2,"byg:soapstone":5,"minecraft:yellow_wool":1,"minecraft:spruce_log":92,"gobber2:gobber2_lucky_block_deepslate":9,"minecraft:white_wall_banner":2,"minecraft:yellow_bed":4,"minecraft:grass":116,"minecraft:dead_brain_coral_block":1,"minecraft:coal_ore":43,"minecraft:dirt":31,"minecraft:gravel":10,"byg:tall_allium":1,"minecraft:netherrack":30,"minecraft:deepslate":97,"minecraft:oak_leaves":7,"minecraft:fern":3},"minecraft:used":{"minecraft:stone_sword":206,"gobber2:gobber2_goo":2,"minecraft:flint_and_steel":68,"gobber2:gobber2_gooey_bread":7,"minecraft:spruce_planks":121,"minecraft:shield":1,"betteranimalsplus:turkey_egg":1,"minecraft:wooden_shovel":59,"minecraft:rotten_flesh":4,"minecraft:torch":50,"minecraft:dirt":13,"betteranimalsplus:pheasantcooked":1,"emerald_tools:obsidian_hammer":123,"minecraft:tuff":6,"minecraft:snowball":48,"minecraft:wooden_axe":131,"emerald_tools:diamond_hammer":1533,"regions_unexplored:ash_vent":1,"minecraft:smooth_basalt":6,"gobber2:gobber2_gooey_beef":2,"minecraft:basalt":28,"immersive_armors:wooden_chestplate":1,"minecraft:furnace":7,"minecraft:cobbled_deepslate":241,"immersive_armors:wooden_helmet":1,"minecraft:water_bucket":33,"minecraft:diorite":3,"minecraft:spruce_door":7,"minecraft:baked_potato":3,"minecraft:stone_pickaxe":203,"minecraft:spruce_chest_boat":1,"minecraft:wooden_pickaxe":6,"betteranimalsplus:pheasant_egg":1,"naturalist:duck_egg":2,"betteranimalsplus:crab_meat_cooked":1,"minecraft:crafting_table":16,"minecraft:blast_furnace":2,"emerald_tools:emerald_pickaxe":160,"minecraft:diamond_pickaxe":205,"minecraft:bread":14,"byg:soapstone":17,"minecraft:gravel":5,"naturalist:glow_goop":1,"minecraft:stone_axe":42,"minecraft:diamond_sword":89,"minecraft:cobblestone":83,"minecraft:andesite":2,"minecraft:bucket":33,"immersive_armors:wooden_leggings":1},"minecraft:broken":{"minecraft:wooden_shovel":1,"minecraft:flint_and_steel":1,"minecraft:wooden_axe":1},"minecraft:dropped":{"byg:biomepedia":1,"minecraft:iron_ingot":3,"minecraft:bread":1,"emerald_tools:obsidian_hammer":1,"minecraft:wheat_seeds":14,"minecraft:lapis_lazuli":27,"minecraft:glow_ink_sac":3,"minecraft:baked_potato":6,"minecraft:diamond":6,"minecraft:cobblestone":922,"minecraft:amethyst_block":270,"minecraft:apple":9,"minecraft:granite":128,"minecraft:dead_horn_coral_block":2,"minecraft:coal":58,"minecraft:leather_helmet":2,"minecraft:flint":1,"minecraft:emerald":8,"minecraft:dirt":35,"minecraft:diorite":24,"immersive_armors:wooden_leggings":1,"minecraft:mutton":1,"byg:soapstone":72,"minecraft:wooden_axe":1,"minecraft:phantom_membrane":1,"minecraft:iron_leggings":1,"minecraft:fire_charge":1,"minecraft:sunflower":1,"betteranimalsplus:eel_meat_raw":1,"immersive_armors:wooden_chestplate":1,"minecraft:white_wool":1,"minecraft:spruce_sapling":31,"minecraft:redstone":128,"minecraft:smooth_basalt":48,"minecraft:gravel":19,"minecraft:furnace":3,"mining_dims:mining_teleporter":4,"minecraft:kelp":1,"minecraft:cobbled_deepslate":8050,"minecraft:golden_chestplate":1,"minecraft:raw_copper":91,"minecraft:tuff":696,"minecraft:obsidian":22,"immersive_armors:wooden_boots":1,"gobber2:gobber2_gooey_beef":1,"minecraft:rotten_flesh":7,"byg:tall_allium":2,"regions_unexplored:tall_maple_sapling":2,"minecraft:prismarine":5,"immersive_armors:bone_boots":1,"regions_unexplored:mossy_stone":5,"gobber2:gobber2_gooey_beefstew":1,"minecraft:carrot":1,"minecraft:iron_chestplate":2,"minecraft:andesite":126,"minecraft:oak_sapling":1,"minecraft:basalt":1,"minecraft:arrow":2,"minecraft:bow":3,"minecraft:stone_pickaxe":5,"minecraft:wooden_pickaxe":1,"minecraft:calcite":131,"immersive_armors:wooden_helmet":1,"minecraft:netherrack":41},"minecraft:custom":{"minecraft:mob_kills":41,"minecraft:interact_with_crafting_table":54,"minecraft:open_barrel":11,"minecraft:leave_game":1,"minecraft:time_since_death":7150,"minecraft:climb_one_cm":7405,"minecraft:sprint_one_cm":90596,"minecraft:walk_one_cm":978280,"minecraft:damage_blocked_by_shield":80,"minecraft:drop":326,"minecraft:deaths":1,"minecraft:play_time":256950,"minecraft:sneak_time":4608,"minecraft:walk_under_water_one_cm":14863,"minecraft:boat_one_cm":145396,"minecraft:interact_with_lectern":1,"minecraft:jump":2190,"minecraft:interact_with_blast_furnace":15,"minecraft:walk_on_water_one_cm":27908,"minecraft:total_world_time":256950,"minecraft:interact_with_furnace":59,"minecraft:interact_with_grindstone":1,"minecraft:sleep_in_bed":1,"minecraft:time_since_rest":7197,"minecraft:damage_taken":2560,"minecraft:damage_dealt":6711,"minecraft:fly_one_cm":114411,"minecraft:swim_one_cm":87508,"minecraft:crouch_one_cm":17763,"minecraft:open_chest":30,"minecraft:fall_one_cm":44168,"minecraft:inspect_dispenser":1},"minecraft:killed":{"minecraft:spider":3,"betteranimalsplus:boar":1,"minecraft:phantom":2,"minecraft:skeleton":4,"minecraft:drowned":2,"betteranimalsplus:lamprey":1,"betteranimalsplus:feralwolf":1,"minecraft:sheep":1,"minecraft:pillager":1,"minecraft:zombie":22,"minecraft:enderman":3},"minecraft:picked_up":{"minecraft:wooden_axe":1,"betteranimalsplus:turkey_egg":1,"minecraft:iron_chestplate":1,"minecraft:crafting_table":17,"byg:soapstone":90,"simple_backpack:backpack":1,"gobber2:gobber2_rod":7,"minecraft:wooden_pickaxe":1,"emerald_tools:emerald_pickaxe":1,"minecraft:dead_horn_coral_block":2,"minecraft:amethyst_block":287,"minecraft:raw_copper":91,"minecraft:cobbled_deepslate":8358,"minecraft:spruce_planks":135,"minecraft:calcite":131,"immersive_armors:wooden_leggings":2,"minecraft:phantom_membrane":1,"minecraft:furnace":10,"regions_unexplored:tall_maple_sapling":2,"minecraft:raw_iron":55,"minecraft:stick":16,"regions_unexplored:ash_vent":1,"minecraft:torch":54,"minecraft:fire_charge":1,"minecraft:diorite":27,"minecraft:carrot":1,"minecraft:redstone":365,"gobber2:gobber2_arrow":8,"regions_unexplored:mossy_stone":5,"gobber2:gobber2_foo":5,"immersive_armors:wooden_helmet":1,"minecraft:arrow":5,"minecraft:rotten_flesh":17,"minecraft:mutton":1,"minecraft:white_wool":1,"minecraft:obsidian":25,"minecraft:snowball":100,"minecraft:cobblestone":1083,"minecraft:magma_block":6,"minecraft:basalt":29,"minecraft:glow_ink_sac":6,"minecraft:andesite":128,"gobber2:gobber2_gooey_beefstew":7,"betteranimalsplus:crab_meat_cooked":1,"minecraft:flint":1,"minecraft:tuff":702,"minecraft:yellow_bed":4,"betteranimalsplus:feralwolfhead_red":1,"minecraft:lapis_lazuli":120,"minecraft:dirt":53,"naturalist:glow_goop":1,"betteranimalsplus:pheasant_egg":1,"minecraft:bone":4,"minecraft:apple":9,"minecraft:kelp":1,"minecraft:bow":4,"gobber2:gobber2_gooey_beef":20,"minecraft:wheat_seeds":14,"minecraft:raw_gold":21,"minecraft:iron_ingot":1,"minecraft:stone_pickaxe":3,"minecraft:prismarine":5,"gobber2:gobber2_gooey_bread":25,"betteranimalsplus:crab_meat_raw":2,"minecraft:smooth_basalt":63,"minecraft:gravel":24,"betteranimalsplus:pheasantraw":1,"minecraft:amethyst_shard":4,"minecraft:spruce_sapling":31,"minecraft:blast_furnace":2,"minecraft:spruce_log":92,"minecraft:spruce_door":7,"naturalist:duck_egg":2,"minecraft:leather_helmet":1,"betteranimalsplus:eel_meat_raw":5,"minecraft:diamond":54,"byg:tall_allium":2,"immersive_armors:wooden_chestplate":1,"minecraft:granite":192,"gobber2:gobber2_goo":13,"minecraft:emerald":4,"minecraft:bread":13,"minecraft:baked_potato":5,"minecraft:oak_sapling":1,"minecraft:netherrack":41,"minecraft:coal":213,"immersive_armors:wooden_boots":1,"minecraft:sunflower":1},"minecraft:crafted":{"minecraft:smooth_stone":12,"minecraft:furnace":3,"minecraft:blast_furnace":1,"minecraft:stone":12,"minecraft:flint_and_steel":2,"minecraft:diamond_helmet":1,"minecraft:diamond_leggings":1,"minecraft:stone_pickaxe":2,"minecraft:chest":1,"minecraft:diamond_boots":1,"minecraft:spruce_boat":1,"emerald_tools:obsidian_hammer":2,"minecraft:wooden_shovel":1,"minecraft:diamond_sword":1,"emerald_tools:diamond_hammer":1,"minecraft:crafting_table":2,"minecraft:spruce_planks":352,"minecraft:baked_potato":6,"minecraft:wooden_pickaxe":1,"minecraft:spruce_chest_boat":1,"minecraft:stone_axe":1,"minecraft:air":0,"immersive_armors:wooden_boots":1,"mining_dims:mining_teleporter":5,"minecraft:iron_chestplate":1,"minecraft:diamond_pickaxe":1,"minecraft:shield":1,"minecraft:stick":24,"minecraft:iron_ingot":36,"minecraft:wooden_axe":2,"minecraft:stone_sword":2,"betteranimalsplus:eel_meat_cooked":4,"minecraft:torch":36,"minecraft:diamond_chestplate":1,"immersive_armors:bone_boots":1,"betteranimalsplus:pheasantcooked":1}},"DataVersion":3120}