{"stats":{"minecraft:mined":{"minecraft:snow":13,"minecraft:snow_block":22,"minecraft:spruce_log":14,"minecraft:powder_snow":58,"minecraft:grass":23,"minecraft:grass_block":7,"minecraft:dirt_path":2,"minecraft:dirt":3,"minecraft:oak_leaves":1},"minecraft:used":{"minecraft:wooden_axe":28,"minecraft:bread":6,"minecraft:wooden_shovel":59,"immersive_armors:wooden_chestplate":1,"minecraft:dirt":13,"minecraft:crafting_table":1,"immersive_armors:wooden_leggings":1,"minecraft:snowball":20,"immersive_armors:wooden_helmet":1},"minecraft:broken":{"minecraft:wooden_shovel":1},"minecraft:dropped":{"minecraft:bread":1},"minecraft:custom":{"minecraft:time_since_rest":22950,"minecraft:sprint_one_cm":7588,"minecraft:interact_with_furnace":7,"minecraft:damage_taken":426,"minecraft:walk_one_cm":104369,"minecraft:mob_kills":2,"minecraft:drop":1,"minecraft:damage_dealt":377,"minecraft:interact_with_crafting_table":7,"minecraft:fly_one_cm":12198,"minecraft:crouch_one_cm":1361,"minecraft:play_time":22950,"minecraft:sneak_time":291,"minecraft:jump":338,"minecraft:leave_game":1,"minecraft:time_since_death":22950,"minecraft:climb_one_cm":1542,"minecraft:total_world_time":22950,"minecraft:fall_one_cm":7499},"minecraft:picked_up":{"minecraft:spruce_sapling":3,"minecraft:spruce_log":14,"minecraft:dirt":14,"immersive_armors:wooden_helmet":1,"minecraft:rotten_flesh":2,"minecraft:wheat_seeds":3,"immersive_armors:wooden_chestplate":1,"minecraft:spruce_planks":128,"immersive_armors:wooden_leggings":1,"minecraft:bread":13,"minecraft:snowball":100},"minecraft:killed":{"minecraft:zombie":1,"betteranimalsplus:boar":1},"minecraft:crafted":{"minecraft:wooden_shovel":1,"minecraft:crafting_table":1,"minecraft:stick":8,"minecraft:wooden_axe":1}},"DataVersion":3120}