{"stats":{"minecraft:mined":{"minecraft:large_amethyst_bud":6,"minecraft:spruce_planks":12,"minecraft:obsidian":5,"minecraft:granite":6,"minecraft:budding_amethyst":5,"minecraft:grass_block":28,"minecraft:spawner":1,"minecraft:magma_block":7,"regions_unexplored:stone_bud":5,"minecraft:glowstone":32,"minecraft:iron_ore":30,"minecraft:fire":31,"minecraft:cobbled_deepslate":11,"regions_unexplored:seeded_grass":4,"regions_unexplored:tall_maple_sapling":2,"minecraft:dirt_path":2,"minecraft:small_amethyst_bud":8,"byg:tall_prairie_grass":1,"minecraft:deepslate_redstone_ore":4,"minecraft:blackstone":15,"minecraft:medium_amethyst_bud":5,"minecraft:amethyst_cluster":1,"minecraft:powder_snow":58,"minecraft:torch":11,"minecraft:blast_furnace":3,"regions_unexplored:cobalt_roots":1,"minecraft:cobblestone":91,"minecraft:prismarine":3,"minecraft:wall_torch":16,"minecraft:amethyst_block":59,"byg:soapstone":5,"minecraft:yellow_wool":1,"minecraft:grass":116,"byg:lament_log":20,"minecraft:dirt":42,"minecraft:netherrack":30,"minecraft:oak_leaves":7,"regions_unexplored:cobalt_obsidian":2,"minecraft:deepslate":97,"minecraft:tube_coral":1,"minecraft:tuff":34,"minecraft:deepslate_diamond_ore":6,"regions_unexplored:hanging_earlight":1,"minecraft:spruce_leaves":18,"minecraft:large_fern":5,"minecraft:furnace":7,"minecraft:nether_sprouts":2,"minecraft:snow":13,"minecraft:andesite":4,"minecraft:dead_horn_coral_block":2,"minecraft:shroomlight":4,"regions_unexplored:ash_vent":1,"regions_unexplored:medium_grass":32,"minecraft:stone":73,"minecraft:snow_block":22,"minecraft:basalt":3,"minecraft:spruce_door":1,"regions_unexplored:cobalt_earlight":1,"minecraft:crafting_table":19,"regions_unexplored:dead_leaves":1,"minecraft:deepslate_gold_ore":3,"minecraft:diorite":5,"minecraft:dead_fire_coral_block":1,"minecraft:birch_planks":2,"regions_unexplored:hanging_earlight_plant":5,"minecraft:spruce_log":92,"gobber2:gobber2_lucky_block_deepslate":9,"minecraft:white_wall_banner":2,"minecraft:yellow_bed":6,"minecraft:dead_brain_coral_block":1,"minecraft:coal_ore":43,"minecraft:gravel":10,"regions_unexplored:blackstone_cluster":1,"byg:tall_allium":1,"minecraft:fern":3},"minecraft:used":{"gobber2:gobber2_goo":2,"gobber2:gobber2_gooey_bread":7,"minecraft:chest":2,"minecraft:shield":3,"betteranimalsplus:turkey_egg":1,"minecraft:rotten_flesh":4,"betteranimalsplus:pheasantcooked":1,"emerald_tools:obsidian_hammer":123,"minecraft:tuff":6,"minecraft:snowball":48,"regions_unexplored:ash_vent":1,"immersive_armors:wooden_chestplate":1,"minecraft:furnace":8,"immersive_armors:wooden_helmet":1,"minecraft:diorite":3,"minecraft:spruce_door":9,"minecraft:stone_pickaxe":203,"minecraft:blackstone":239,"minecraft:wooden_pickaxe":6,"naturalist:duck_egg":2,"betteranimalsplus:crab_meat_cooked":1,"minecraft:blast_furnace":3,"emerald_tools:emerald_pickaxe":160,"gobber2:gobber2_gooey_beefstew":1,"minecraft:bread":14,"minecraft:gravel":5,"minecraft:diamond_sword":105,"minecraft:andesite":2,"minecraft:stone_sword":206,"minecraft:flint_and_steel":70,"minecraft:spruce_planks":127,"minecraft:wooden_shovel":59,"minecraft:torch":52,"minecraft:dirt":14,"minecraft:wooden_axe":131,"emerald_tools:diamond_hammer":1634,"minecraft:iron_axe":26,"minecraft:smooth_basalt":6,"gobber2:gobber2_gooey_beef":2,"minecraft:basalt":28,"minecraft:cobbled_deepslate":241,"minecraft:water_bucket":33,"minecraft:baked_potato":3,"minecraft:spruce_chest_boat":1,"betteranimalsplus:pheasant_egg":1,"minecraft:crafting_table":18,"minecraft:diamond_pickaxe":285,"byg:soapstone":17,"minecraft:stone_axe":43,"naturalist:glow_goop":1,"minecraft:cobblestone":145,"minecraft:bucket":33,"minecraft:yellow_bed":4,"immersive_armors:wooden_leggings":1},"minecraft:broken":{"minecraft:wooden_shovel":1,"minecraft:wooden_axe":1,"emerald_tools:diamond_hammer":1,"minecraft:flint_and_steel":1},"minecraft:dropped":{"byg:biomepedia":1,"minecraft:lapis_lazuli":27,"minecraft:baked_potato":6,"minecraft:glow_ink_sac":3,"minecraft:diamond":6,"minecraft:leather_helmet":2,"regions_unexplored:cobalt_obsidian":1,"minecraft:emerald":8,"minecraft:flint":1,"minecraft:dirt":54,"byg:lament_sapling":1,"immersive_armors:wooden_leggings":1,"minecraft:mutton":1,"minecraft:sunflower":1,"minecraft:phantom_membrane":1,"betteranimalsplus:eel_meat_raw":1,"immersive_armors:wooden_chestplate":1,"minecraft:white_wool":1,"minecraft:gravel":19,"minecraft:blackstone":64,"minecraft:golden_chestplate":1,"minecraft:cobbled_deepslate":8130,"immersive_armors:wooden_boots":1,"minecraft:obsidian":22,"minecraft:rotten_flesh":7,"minecraft:prismarine":5,"immersive_armors:bone_boots":1,"gobber2:gobber2_gooey_beefstew":1,"regions_unexplored:mossy_stone":5,"minecraft:carrot":1,"minecraft:basalt":1,"minecraft:arrow":2,"minecraft:quartz":6,"minecraft:netherrack":41,"minecraft:iron_ingot":3,"minecraft:bread":1,"emerald_tools:obsidian_hammer":1,"minecraft:wheat_seeds":14,"regions_unexplored:hanging_earlight":3,"minecraft:cobblestone":1061,"minecraft:amethyst_block":287,"minecraft:apple":9,"minecraft:granite":128,"minecraft:dead_horn_coral_block":2,"minecraft:coal":58,"minecraft:diorite":24,"byg:soapstone":72,"minecraft:wooden_axe":1,"minecraft:fire_charge":1,"minecraft:iron_leggings":1,"minecraft:spruce_sapling":31,"minecraft:smooth_basalt":57,"minecraft:redstone":128,"minecraft:furnace":3,"mining_dims:mining_teleporter":4,"minecraft:kelp":1,"regions_unexplored:cobalt_earlight":1,"minecraft:raw_copper":91,"minecraft:bowl":1,"minecraft:tuff":696,"gobber2:gobber2_gooey_beef":1,"byg:tall_allium":2,"regions_unexplored:tall_maple_sapling":2,"regions_unexplored:blackstone_cluster":1,"minecraft:shroomlight":2,"minecraft:iron_chestplate":2,"minecraft:andesite":126,"minecraft:oak_sapling":1,"minecraft:bow":3,"minecraft:stone_pickaxe":5,"minecraft:wooden_pickaxe":1,"minecraft:calcite":131,"immersive_armors:wooden_helmet":1,"regions_unexplored:cobalt_roots":1},"minecraft:custom":{"minecraft:interact_with_crafting_table":63,"minecraft:open_barrel":11,"minecraft:leave_game":1,"minecraft:time_since_death":55150,"minecraft:sprint_one_cm":91552,"minecraft:damage_blocked_by_shield":150,"minecraft:drop":348,"minecraft:play_time":304950,"minecraft:deaths":1,"minecraft:jump":2279,"minecraft:walk_on_water_one_cm":28396,"minecraft:interact_with_furnace":59,"minecraft:sleep_in_bed":2,"minecraft:damage_dealt":7244,"minecraft:crouch_one_cm":57852,"minecraft:inspect_dispenser":1,"minecraft:mob_kills":43,"minecraft:climb_one_cm":7405,"minecraft:walk_one_cm":1091877,"minecraft:sneak_time":14980,"minecraft:walk_under_water_one_cm":15132,"minecraft:boat_one_cm":145396,"minecraft:interact_with_lectern":1,"minecraft:interact_with_blast_furnace":17,"minecraft:total_world_time":304950,"minecraft:interact_with_grindstone":1,"minecraft:time_since_rest":45124,"minecraft:damage_taken":2627,"minecraft:swim_one_cm":87508,"minecraft:fly_one_cm":114801,"minecraft:open_chest":49,"minecraft:fall_one_cm":44975},"minecraft:killed":{"minecraft:spider":3,"minecraft:skeleton":4,"minecraft:piglin":1,"minecraft:sheep":1,"minecraft:pillager":1,"minecraft:zombie":22,"betteranimalsplus:boar":1,"minecraft:phantom":2,"minecraft:drowned":2,"betteranimalsplus:lamprey":1,"betteranimalsplus:feralwolf":1,"minecraft:enderman":4},"minecraft:picked_up":{"minecraft:wooden_axe":1,"betteranimalsplus:turkey_egg":1,"minecraft:iron_chestplate":1,"regions_unexplored:cobalt_earlight":1,"emerald_tools:emerald_pickaxe":1,"minecraft:amethyst_block":287,"minecraft:string":6,"minecraft:raw_copper":106,"minecraft:shroomlight":2,"minecraft:cobbled_deepslate":8358,"minecraft:spruce_planks":135,"minecraft:calcite":131,"minecraft:furnace":10,"minecraft:stick":16,"minecraft:torch":57,"minecraft:diorite":27,"gobber2:gobber2_foo":5,"minecraft:rotten_flesh":17,"minecraft:obsidian":25,"minecraft:snowball":100,"minecraft:cobblestone":1286,"minecraft:magma_block":6,"minecraft:andesite":128,"minecraft:flint":1,"minecraft:tuff":702,"betteranimalsplus:feralwolfhead_red":1,"minecraft:lapis_lazuli":120,"minecraft:dirt":73,"regions_unexplored:cobalt_roots":1,"betteranimalsplus:pheasant_egg":1,"minecraft:bone":4,"minecraft:bow":4,"gobber2:gobber2_gooey_beef":20,"minecraft:wheat_seeds":14,"minecraft:raw_gold":21,"minecraft:glowstone_dust":84,"minecraft:prismarine":5,"gobber2:gobber2_gooey_bread":25,"betteranimalsplus:crab_meat_raw":2,"betteranimalsplus:pheasantraw":1,"naturalist:duck_egg":2,"regions_unexplored:hanging_earlight":3,"byg:lament_log":10,"minecraft:diamond":54,"minecraft:granite":192,"minecraft:bread":13,"minecraft:emerald":4,"minecraft:oak_sapling":1,"minecraft:netherrack":169,"gobber2:gobber2_goo":13,"minecraft:crafting_table":18,"byg:soapstone":90,"simple_backpack:backpack":1,"gobber2:gobber2_rod":7,"minecraft:wooden_pickaxe":1,"regions_unexplored:blackstone_cluster":1,"minecraft:dead_horn_coral_block":2,"minecraft:blackstone":346,"immersive_armors:wooden_leggings":2,"minecraft:phantom_membrane":1,"regions_unexplored:tall_maple_sapling":2,"minecraft:raw_iron":55,"regions_unexplored:ash_vent":1,"minecraft:fire_charge":1,"minecraft:carrot":1,"minecraft:redstone":365,"gobber2:gobber2_arrow":8,"regions_unexplored:mossy_stone":5,"immersive_armors:wooden_helmet":1,"minecraft:arrow":5,"minecraft:mutton":1,"minecraft:white_wool":1,"minecraft:basalt":29,"minecraft:glow_ink_sac":6,"gobber2:gobber2_gooey_beefstew":7,"byg:lament_sapling":1,"betteranimalsplus:crab_meat_cooked":1,"minecraft:yellow_bed":6,"naturalist:glow_goop":1,"minecraft:apple":9,"minecraft:kelp":1,"minecraft:iron_ingot":1,"minecraft:stone_pickaxe":3,"regions_unexplored:cobalt_obsidian":2,"minecraft:soul_sand":5,"minecraft:smooth_basalt":63,"minecraft:quartz":6,"minecraft:gravel":24,"minecraft:amethyst_shard":4,"minecraft:spruce_sapling":31,"minecraft:blast_furnace":3,"minecraft:spruce_log":92,"minecraft:spruce_door":7,"minecraft:leather_helmet":1,"betteranimalsplus:eel_meat_raw":5,"byg:tall_allium":2,"immersive_armors:wooden_chestplate":1,"minecraft:baked_potato":5,"immersive_armors:wooden_boots":1,"minecraft:coal":230,"minecraft:sunflower":1},"minecraft:crafted":{"minecraft:smooth_stone":12,"minecraft:stone":12,"minecraft:diamond_helmet":1,"minecraft:diamond_leggings":1,"minecraft:chest":3,"emerald_tools:obsidian_hammer":2,"minecraft:wooden_shovel":1,"emerald_tools:diamond_hammer":2,"minecraft:crafting_table":2,"minecraft:spruce_planks":352,"minecraft:wooden_pickaxe":1,"minecraft:baked_potato":6,"minecraft:spruce_door":3,"minecraft:spruce_chest_boat":1,"immersive_armors:wooden_boots":1,"minecraft:iron_chestplate":1,"minecraft:diamond_pickaxe":1,"minecraft:shield":1,"minecraft:stick":152,"minecraft:iron_ingot":36,"minecraft:stone_sword":2,"betteranimalsplus:eel_meat_cooked":4,"immersive_armors:bone_boots":1,"betteranimalsplus:pheasantcooked":1,"minecraft:furnace":3,"minecraft:blast_furnace":1,"minecraft:flint_and_steel":2,"minecraft:iron_axe":1,"minecraft:stone_pickaxe":2,"minecraft:diamond_boots":1,"minecraft:spruce_boat":1,"minecraft:diamond_sword":1,"minecraft:stone_axe":1,"minecraft:air":0,"mining_dims:mining_teleporter":5,"minecraft:white_wool":1,"minecraft:wooden_axe":2,"minecraft:torch":36,"minecraft:diamond_chestplate":1}},"DataVersion":3120}