{"stats":{"minecraft:mined":{"minecraft:tube_coral":1,"minecraft:tuff":34,"minecraft:spruce_planks":12,"minecraft:deepslate_diamond_ore":6,"minecraft:budding_amethyst":3,"minecraft:grass_block":25,"minecraft:spruce_leaves":18,"minecraft:spawner":1,"minecraft:large_fern":5,"minecraft:magma_block":7,"minecraft:furnace":7,"minecraft:iron_ore":30,"minecraft:fire":22,"minecraft:snow":13,"minecraft:andesite":1,"minecraft:dead_horn_coral_block":2,"regions_unexplored:seeded_grass":4,"minecraft:dirt_path":2,"minecraft:small_amethyst_bud":2,"regions_unexplored:ash_vent":1,"regions_unexplored:medium_grass":13,"minecraft:stone":58,"byg:tall_prairie_grass":1,"minecraft:deepslate_redstone_ore":4,"minecraft:snow_block":22,"minecraft:basalt":3,"minecraft:spruce_door":1,"minecraft:powder_snow":58,"minecraft:crafting_table":17,"minecraft:torch":9,"minecraft:blast_furnace":1,"regions_unexplored:dead_leaves":1,"minecraft:cobblestone":25,"minecraft:deepslate_gold_ore":3,"minecraft:prismarine":3,"minecraft:diorite":2,"minecraft:wall_torch":13,"minecraft:amethyst_block":57,"minecraft:dead_fire_coral_block":1,"minecraft:birch_planks":2,"byg:soapstone":5,"minecraft:yellow_wool":1,"minecraft:spruce_log":92,"gobber2:gobber2_lucky_block_deepslate":8,"minecraft:white_wall_banner":2,"minecraft:yellow_bed":2,"minecraft:grass":76,"minecraft:dead_brain_coral_block":1,"minecraft:coal_ore":43,"minecraft:dirt":27,"minecraft:gravel":10,"byg:tall_allium":1,"minecraft:netherrack":30,"minecraft:deepslate":76,"minecraft:oak_leaves":7,"minecraft:fern":3},"minecraft:used":{"minecraft:stone_sword":206,"gobber2:gobber2_goo":1,"minecraft:flint_and_steel":60,"gobber2:gobber2_gooey_bread":4,"minecraft:spruce_planks":121,"minecraft:wooden_shovel":59,"minecraft:rotten_flesh":4,"minecraft:torch":43,"minecraft:dirt":13,"betteranimalsplus:pheasantcooked":1,"emerald_tools:obsidian_hammer":123,"minecraft:tuff":6,"minecraft:snowball":48,"minecraft:wooden_axe":131,"emerald_tools:diamond_hammer":1090,"regions_unexplored:ash_vent":1,"minecraft:smooth_basalt":6,"gobber2:gobber2_gooey_beef":1,"minecraft:basalt":28,"immersive_armors:wooden_chestplate":1,"minecraft:furnace":7,"minecraft:cobbled_deepslate":40,"immersive_armors:wooden_helmet":1,"minecraft:water_bucket":6,"minecraft:spruce_door":7,"minecraft:baked_potato":3,"minecraft:stone_pickaxe":203,"minecraft:spruce_chest_boat":1,"minecraft:wooden_pickaxe":6,"betteranimalsplus:pheasant_egg":1,"naturalist:duck_egg":2,"betteranimalsplus:crab_meat_cooked":1,"minecraft:crafting_table":15,"minecraft:blast_furnace":1,"emerald_tools:emerald_pickaxe":160,"minecraft:diamond_pickaxe":71,"minecraft:bread":14,"byg:soapstone":12,"minecraft:gravel":5,"naturalist:glow_goop":1,"minecraft:stone_axe":40,"minecraft:diamond_sword":35,"minecraft:cobblestone":24,"minecraft:bucket":6,"immersive_armors:wooden_leggings":1},"minecraft:broken":{"minecraft:wooden_shovel":1,"minecraft:wooden_axe":1},"minecraft:dropped":{"byg:biomepedia":1,"minecraft:iron_ingot":3,"minecraft:bread":1,"emerald_tools:obsidian_hammer":1,"minecraft:wheat_seeds":3,"minecraft:baked_potato":6,"minecraft:cobblestone":92,"minecraft:amethyst_block":270,"minecraft:apple":9,"minecraft:dead_horn_coral_block":2,"minecraft:coal":58,"minecraft:leather_helmet":2,"minecraft:flint":1,"minecraft:emerald":8,"minecraft:dirt":35,"immersive_armors:wooden_leggings":1,"minecraft:wooden_axe":1,"minecraft:iron_leggings":1,"minecraft:fire_charge":1,"minecraft:sunflower":1,"immersive_armors:wooden_chestplate":1,"minecraft:spruce_sapling":31,"minecraft:redstone":64,"minecraft:smooth_basalt":36,"minecraft:gravel":15,"minecraft:furnace":3,"minecraft:cobbled_deepslate":6593,"minecraft:golden_chestplate":1,"minecraft:raw_copper":12,"minecraft:tuff":609,"immersive_armors:wooden_boots":1,"minecraft:rotten_flesh":3,"byg:tall_allium":2,"minecraft:prismarine":5,"immersive_armors:bone_boots":1,"gobber2:gobber2_gooey_beefstew":1,"minecraft:carrot":1,"minecraft:iron_chestplate":2,"minecraft:andesite":1,"minecraft:oak_sapling":1,"minecraft:basalt":1,"minecraft:arrow":2,"minecraft:bow":3,"minecraft:stone_pickaxe":5,"minecraft:wooden_pickaxe":1,"minecraft:calcite":94,"immersive_armors:wooden_helmet":1,"minecraft:netherrack":41},"minecraft:custom":{"minecraft:mob_kills":35,"minecraft:interact_with_crafting_table":49,"minecraft:open_barrel":11,"minecraft:leave_game":1,"minecraft:time_since_death":196950,"minecraft:climb_one_cm":7405,"minecraft:sprint_one_cm":71412,"minecraft:walk_one_cm":791682,"minecraft:drop":232,"minecraft:play_time":196950,"minecraft:sneak_time":3441,"minecraft:walk_under_water_one_cm":12389,"minecraft:boat_one_cm":88874,"minecraft:interact_with_lectern":1,"minecraft:jump":1658,"minecraft:interact_with_blast_furnace":8,"minecraft:walk_on_water_one_cm":12286,"minecraft:total_world_time":196950,"minecraft:interact_with_furnace":59,"minecraft:interact_with_grindstone":1,"minecraft:sleep_in_bed":1,"minecraft:time_since_rest":93902,"minecraft:damage_taken":1574,"minecraft:damage_dealt":6271,"minecraft:fly_one_cm":96117,"minecraft:swim_one_cm":54982,"minecraft:crouch_one_cm":12619,"minecraft:open_chest":30,"minecraft:fall_one_cm":26253,"minecraft:inspect_dispenser":1},"minecraft:killed":{"minecraft:spider":2,"betteranimalsplus:boar":1,"minecraft:skeleton":4,"minecraft:drowned":2,"betteranimalsplus:feralwolf":1,"minecraft:pillager":1,"minecraft:zombie":22,"minecraft:enderman":2},"minecraft:picked_up":{"minecraft:wooden_axe":1,"minecraft:iron_chestplate":1,"minecraft:crafting_table":16,"byg:soapstone":81,"simple_backpack:backpack":1,"gobber2:gobber2_rod":6,"minecraft:wooden_pickaxe":1,"emerald_tools:emerald_pickaxe":1,"minecraft:dead_horn_coral_block":2,"minecraft:amethyst_block":270,"minecraft:raw_copper":12,"minecraft:cobbled_deepslate":6635,"minecraft:spruce_planks":135,"minecraft:calcite":110,"immersive_armors:wooden_leggings":2,"minecraft:furnace":10,"minecraft:raw_iron":51,"minecraft:stick":16,"regions_unexplored:ash_vent":1,"minecraft:torch":51,"minecraft:fire_charge":1,"minecraft:diorite":1,"minecraft:carrot":1,"minecraft:redstone":245,"gobber2:gobber2_arrow":6,"gobber2:gobber2_foo":4,"immersive_armors:wooden_helmet":1,"minecraft:arrow":5,"minecraft:rotten_flesh":17,"minecraft:obsidian":6,"minecraft:snowball":100,"minecraft:cobblestone":421,"minecraft:magma_block":6,"minecraft:basalt":29,"minecraft:andesite":35,"gobber2:gobber2_gooey_beefstew":7,"betteranimalsplus:crab_meat_cooked":1,"minecraft:flint":1,"minecraft:tuff":615,"betteranimalsplus:feralwolfhead_red":1,"minecraft:lapis_lazuli":37,"minecraft:dirt":53,"naturalist:glow_goop":1,"betteranimalsplus:pheasant_egg":1,"minecraft:bone":4,"minecraft:apple":9,"minecraft:bow":4,"gobber2:gobber2_gooey_beef":13,"minecraft:wheat_seeds":3,"minecraft:raw_gold":19,"minecraft:iron_ingot":1,"minecraft:stone_pickaxe":3,"minecraft:prismarine":5,"gobber2:gobber2_gooey_bread":19,"betteranimalsplus:crab_meat_raw":2,"minecraft:smooth_basalt":42,"minecraft:gravel":20,"betteranimalsplus:pheasantraw":1,"minecraft:spruce_sapling":31,"minecraft:blast_furnace":1,"minecraft:spruce_log":92,"minecraft:spruce_door":7,"naturalist:duck_egg":2,"minecraft:leather_helmet":1,"betteranimalsplus:eel_meat_raw":4,"minecraft:diamond":48,"byg:tall_allium":2,"immersive_armors:wooden_chestplate":1,"minecraft:granite":43,"gobber2:gobber2_goo":9,"minecraft:emerald":4,"minecraft:bread":13,"minecraft:baked_potato":5,"minecraft:oak_sapling":1,"minecraft:netherrack":41,"minecraft:coal":121,"immersive_armors:wooden_boots":1,"minecraft:sunflower":1},"minecraft:crafted":{"minecraft:smooth_stone":12,"minecraft:furnace":3,"minecraft:blast_furnace":1,"minecraft:stone":12,"minecraft:flint_and_steel":1,"minecraft:diamond_helmet":1,"minecraft:diamond_leggings":1,"minecraft:stone_pickaxe":2,"minecraft:chest":1,"minecraft:diamond_boots":1,"minecraft:spruce_boat":1,"emerald_tools:obsidian_hammer":2,"minecraft:wooden_shovel":1,"minecraft:diamond_sword":1,"emerald_tools:diamond_hammer":1,"minecraft:crafting_table":2,"minecraft:spruce_planks":352,"minecraft:baked_potato":6,"minecraft:wooden_pickaxe":1,"minecraft:spruce_chest_boat":1,"minecraft:stone_axe":1,"minecraft:air":0,"immersive_armors:wooden_boots":1,"minecraft:iron_chestplate":1,"minecraft:diamond_pickaxe":1,"minecraft:shield":1,"minecraft:stick":24,"minecraft:iron_ingot":23,"minecraft:wooden_axe":2,"minecraft:stone_sword":2,"betteranimalsplus:eel_meat_cooked":4,"minecraft:torch":36,"minecraft:diamond_chestplate":1,"immersive_armors:bone_boots":1,"betteranimalsplus:pheasantcooked":1}},"DataVersion":3120}