{"stats":{"minecraft:mined":{"minecraft:tube_coral":1,"minecraft:tuff":21,"minecraft:spruce_planks":12,"minecraft:grass_block":18,"minecraft:spruce_leaves":17,"minecraft:large_fern":3,"minecraft:magma_block":6,"minecraft:furnace":4,"minecraft:snow":13,"minecraft:dead_horn_coral_block":2,"regions_unexplored:seeded_grass":4,"minecraft:dirt_path":2,"regions_unexplored:medium_grass":13,"minecraft:stone":56,"byg:tall_prairie_grass":1,"minecraft:snow_block":22,"minecraft:spruce_door":1,"minecraft:powder_snow":58,"minecraft:crafting_table":11,"minecraft:torch":4,"minecraft:cobblestone":24,"minecraft:prismarine":3,"minecraft:wall_torch":3,"minecraft:dead_fire_coral_block":1,"byg:soapstone":5,"minecraft:yellow_wool":1,"minecraft:spruce_log":92,"minecraft:grass":76,"minecraft:dead_brain_coral_block":1,"minecraft:coal_ore":43,"minecraft:dirt":14,"minecraft:gravel":4,"byg:tall_allium":1,"minecraft:netherrack":30,"minecraft:oak_leaves":7,"minecraft:fern":3},"minecraft:used":{"minecraft:stone_sword":176,"minecraft:spruce_planks":89,"minecraft:wooden_shovel":59,"minecraft:rotten_flesh":4,"minecraft:torch":12,"minecraft:dirt":13,"betteranimalsplus:pheasantcooked":1,"minecraft:tuff":6,"minecraft:snowball":32,"minecraft:wooden_axe":131,"immersive_armors:wooden_chestplate":1,"minecraft:furnace":3,"immersive_armors:wooden_helmet":1,"minecraft:spruce_door":4,"minecraft:stone_pickaxe":203,"minecraft:spruce_chest_boat":1,"minecraft:wooden_pickaxe":6,"betteranimalsplus:pheasant_egg":1,"naturalist:duck_egg":2,"betteranimalsplus:crab_meat_cooked":1,"minecraft:crafting_table":9,"minecraft:bread":14,"byg:soapstone":4,"minecraft:gravel":5,"naturalist:glow_goop":1,"minecraft:stone_axe":31,"minecraft:cobblestone":14,"immersive_armors:wooden_leggings":1},"minecraft:broken":{"minecraft:wooden_shovel":1,"minecraft:wooden_axe":1},"minecraft:dropped":{"byg:biomepedia":1,"minecraft:iron_ingot":3,"minecraft:bread":1,"minecraft:wheat_seeds":3,"minecraft:baked_potato":1,"minecraft:dead_horn_coral_block":2,"minecraft:coal":33,"minecraft:leather_helmet":2,"immersive_armors:wooden_leggings":1,"minecraft:wooden_axe":1,"minecraft:sunflower":1,"immersive_armors:wooden_chestplate":1,"minecraft:spruce_sapling":31,"minecraft:gravel":12,"minecraft:raw_copper":12,"immersive_armors:wooden_boots":1,"minecraft:rotten_flesh":3,"byg:tall_allium":2,"minecraft:prismarine":5,"minecraft:carrot":1,"minecraft:oak_sapling":1,"minecraft:arrow":2,"minecraft:bow":3,"minecraft:stone_pickaxe":1,"minecraft:wooden_pickaxe":1},"minecraft:custom":{"minecraft:mob_kills":21,"minecraft:interact_with_crafting_table":28,"minecraft:open_barrel":7,"minecraft:leave_game":1,"minecraft:time_since_death":100950,"minecraft:climb_one_cm":3719,"minecraft:sprint_one_cm":42051,"minecraft:walk_one_cm":434514,"minecraft:drop":36,"minecraft:play_time":100950,"minecraft:sneak_time":2441,"minecraft:walk_under_water_one_cm":8989,"minecraft:boat_one_cm":88874,"minecraft:interact_with_lectern":1,"minecraft:jump":931,"minecraft:walk_on_water_one_cm":6683,"minecraft:total_world_time":100950,"minecraft:interact_with_furnace":26,"minecraft:time_since_rest":100950,"minecraft:damage_taken":876,"minecraft:damage_dealt":3839,"minecraft:fly_one_cm":69647,"minecraft:swim_one_cm":27833,"minecraft:crouch_one_cm":8355,"minecraft:open_chest":20,"minecraft:fall_one_cm":15104,"minecraft:inspect_dispenser":1},"minecraft:killed":{"betteranimalsplus:boar":1,"minecraft:skeleton":2,"minecraft:drowned":2,"betteranimalsplus:feralwolf":1,"minecraft:zombie":13,"minecraft:enderman":2},"minecraft:picked_up":{"minecraft:wooden_axe":1,"minecraft:crafting_table":10,"byg:soapstone":5,"minecraft:wooden_pickaxe":1,"minecraft:dead_horn_coral_block":2,"minecraft:raw_copper":12,"minecraft:spruce_planks":135,"immersive_armors:wooden_leggings":2,"minecraft:furnace":4,"minecraft:stick":16,"minecraft:torch":36,"minecraft:carrot":1,"immersive_armors:wooden_helmet":1,"minecraft:arrow":5,"minecraft:rotten_flesh":13,"minecraft:snowball":100,"minecraft:cobblestone":84,"minecraft:magma_block":6,"betteranimalsplus:crab_meat_cooked":1,"minecraft:flint":1,"minecraft:tuff":21,"betteranimalsplus:feralwolfhead_red":1,"minecraft:dirt":35,"naturalist:glow_goop":1,"betteranimalsplus:pheasant_egg":1,"minecraft:bone":4,"minecraft:bow":4,"minecraft:wheat_seeds":3,"minecraft:iron_ingot":1,"minecraft:stone_pickaxe":1,"minecraft:prismarine":5,"gobber2:gobber2_gooey_bread":1,"betteranimalsplus:crab_meat_raw":2,"minecraft:gravel":17,"betteranimalsplus:pheasantraw":1,"minecraft:spruce_sapling":31,"minecraft:spruce_log":92,"minecraft:spruce_door":4,"naturalist:duck_egg":2,"minecraft:leather_helmet":1,"betteranimalsplus:eel_meat_raw":4,"byg:tall_allium":2,"immersive_armors:wooden_chestplate":1,"minecraft:bread":13,"minecraft:oak_sapling":1,"minecraft:netherrack":41,"minecraft:coal":76,"immersive_armors:wooden_boots":1,"minecraft:sunflower":1},"minecraft:crafted":{"minecraft:furnace":1,"minecraft:stone_pickaxe":1,"minecraft:chest":1,"minecraft:spruce_boat":1,"minecraft:wooden_shovel":1,"minecraft:crafting_table":2,"minecraft:spruce_planks":352,"minecraft:baked_potato":6,"minecraft:wooden_pickaxe":1,"minecraft:spruce_chest_boat":1,"minecraft:stone_axe":1,"immersive_armors:wooden_boots":1,"minecraft:shield":1,"minecraft:stick":24,"minecraft:iron_ingot":3,"minecraft:wooden_axe":2,"minecraft:stone_sword":1,"betteranimalsplus:eel_meat_cooked":4,"minecraft:torch":36,"immersive_armors:bone_boots":1,"betteranimalsplus:pheasantcooked":1}},"DataVersion":3120}