{
  "minecraft:recipes/tools/wooden_axe": {
    "criteria": {
      "has_stick": "2024-07-08 04:19:48 +0000"
    },
    "done": true
  },
  "minecraft:recipes/decorations/spruce_sign": {
    "criteria": {
      "has_planks": "2024-07-08 04:12:12 +0000"
    },
    "done": true
  },
  "minecraft:recipes/redstone/lever": {
    "criteria": {
      "has_cobblestone": "2024-07-08 04:31:19 +0000"
    },
    "done": true
  },
  "smallships:recipes/transportation/birch_drakkar": {
    "criteria": {
      "in_water": "2024-07-08 04:37:31 +0000"
    },
    "done": true
  },
  "minecraft:recipes/building_blocks/cobblestone_stairs_from_cobblestone_stonecutting": {
    "criteria": {
      "has_cobblestone": "2024-07-08 04:31:19 +0000"
    },
    "done": true
  },
  "smallships:recipes/transportation/jungle_drakkar": {
    "criteria": {
      "in_water": "2024-07-08 04:37:31 +0000"
    },
    "done": true
  },
  "minecraft:recipes/redstone/spruce_door": {
    "criteria": {
      "has_planks": "2024-07-08 04:12:12 +0000"
    },
    "done": true
  },
  "smallships:recipes/transportation/acacia_cog": {
    "criteria": {
      "in_water": "2024-07-08 04:37:31 +0000"
    },
    "done": true
  },
  "byg:recipes/byg.byg/jacaranda_chest_boat": {
    "criteria": {
      "has_boat": "2024-07-08 04:43:38 +0000"
    },
    "done": true
  },
  "minecraft:recipes/redstone/spruce_fence_gate": {
    "criteria": {
      "has_planks": "2024-07-08 04:12:12 +0000"
    },
    "done": true
  },
  "byg:recipes/byg.byg/skyris_chest_boat": {
    "criteria": {
      "has_boat": "2024-07-08 04:43:38 +0000"
    },
    "done": true
  },
  "byg:recipes/byg.byg/zelkova_chest_boat": {
    "criteria": {
      "has_boat": "2024-07-08 04:43:38 +0000"
    },
    "done": true
  },
  "byg:recipes/byg.byg/maple_chest_boat": {
    "criteria": {
      "has_boat": "2024-07-08 04:43:38 +0000"
    },
    "done": true
  },
  "minecraft:recipes/decorations/crafting_table": {
    "criteria": {
      "has_planks": "2024-07-08 04:12:12 +0000"
    },
    "done": true
  },
  "minecraft:recipes/decorations/campfire": {
    "criteria": {
      "has_stick": "2024-07-08 04:19:48 +0000"
    },
    "done": true
  },
  "smallships:recipes/transportation/birch_cog": {
    "criteria": {
      "in_water": "2024-07-08 04:37:31 +0000"
    },
    "done": true
  },
  "minecraft:recipes/decorations/ladder": {
    "criteria": {
      "has_stick": "2024-07-08 04:19:48 +0000"
    },
    "done": true
  },
  "smallships:recipes/transportation/spruce_drakkar": {
    "criteria": {
      "in_water": "2024-07-08 04:37:31 +0000"
    },
    "done": true
  },
  "minecraft:recipes/decorations/chest": {
    "criteria": {
      "has_lots_of_items": "2024-07-08 04:17:43 +0000"
    },
    "done": true
  },
  "smallships:recipes/transportation/oak_cog": {
    "criteria": {
      "in_water": "2024-07-08 04:37:31 +0000"
    },
    "done": true
  },
  "minecraft:recipes/transportation/mangrove_boat": {
    "criteria": {
      "in_water": "2024-07-08 04:37:31 +0000"
    },
    "done": true
  },
  "minecraft:recipes/redstone/spruce_button": {
    "criteria": {
      "has_planks": "2024-07-08 04:12:12 +0000"
    },
    "done": true
  },
  "minecraft:recipes/tools/wooden_shovel": {
    "criteria": {
      "has_stick": "2024-07-08 04:19:48 +0000"
    },
    "done": true
  },
  "minecraft:recipes/decorations/torch": {
    "criteria": {
      "has_stone_pickaxe": "2024-07-08 04:31:37 +0000"
    },
    "done": true
  },
  "vanilla-hammers:hammers/stone_hammer_recipe_reward": {
    "criteria": {
      "vanilla-hammers:stone_hammer": "2024-07-08 03:37:34 +0000"
    },
    "done": true
  },
  "byg:recipes/byg.byg/redwood_chest_boat": {
    "criteria": {
      "has_boat": "2024-07-08 04:43:38 +0000"
    },
    "done": true
  },
  "minecraft:recipes/misc/stick": {
    "criteria": {
      "has_planks": "2024-07-08 04:12:12 +0000"
    },
    "done": true
  },
  "minecraft:recipes/building_blocks/spruce_wood": {
    "criteria": {
      "has_log": "2024-07-08 04:20:01 +0000"
    },
    "done": true
  },
  "minecraft:recipes/building_blocks/coal_block": {
    "criteria": {
      "has_coal": "2024-07-08 04:31:23 +0000"
    },
    "done": true
  },
  "smallships:recipes/transportation/acacia_galley": {
    "criteria": {
      "in_water": "2024-07-08 04:37:31 +0000"
    },
    "done": true
  },
  "minecraft:recipes/transportation/spruce_boat": {
    "criteria": {
      "in_water": "2024-07-08 04:37:31 +0000"
    },
    "done": true
  },
  "minecraft:recipes/combat/wooden_sword": {
    "criteria": {
      "has_stick": "2024-07-08 04:19:48 +0000"
    },
    "done": true
  },
  "minecraft:recipes/tools/stone_shovel": {
    "criteria": {
      "has_cobblestone": "2024-07-08 04:31:19 +0000"
    },
    "done": true
  },
  "minecraft:recipes/redstone/dispenser": {
    "criteria": {
      "has_bow": "2024-07-08 04:36:43 +0000"
    },
    "done": true
  },
  "smallships:recipes/transportation/mangrove_cog": {
    "criteria": {
      "in_water": "2024-07-08 04:37:31 +0000"
    },
    "done": true
  },
  "minecraft:recipes/building_blocks/spruce_slab": {
    "criteria": {
      "has_planks": "2024-07-08 04:12:12 +0000"
    },
    "done": true
  },
  "byg:recipes/byg.byg/aspen_chest_boat": {
    "criteria": {
      "has_boat": "2024-07-08 04:43:38 +0000"
    },
    "done": true
  },
  "byg:recipes/byg.byg/witch_hazel_chest_boat": {
    "criteria": {
      "has_boat": "2024-07-08 04:43:38 +0000"
    },
    "done": true
  },
  "minecraft:husbandry/balanced_diet": {
    "criteria": {
      "bread": "2024-07-08 04:12:58 +0000"
    },
    "done": false
  },
  "minecraft:recipes/building_blocks/prismarine_stairs_from_prismarine_stonecutting": {
    "criteria": {
      "has_prismarine": "2024-07-08 04:40:08 +0000"
    },
    "done": true
  },
  "byg:recipes/byg.byg/cypress_chest_boat": {
    "criteria": {
      "has_boat": "2024-07-08 04:43:38 +0000"
    },
    "done": true
  },
  "minecraft:recipes/transportation/mangrove_chest_boat": {
    "criteria": {
      "has_boat": "2024-07-08 04:43:38 +0000"
    },
    "done": true
  },
  "minecraft:recipes/building_blocks/prismarine_stairs": {
    "criteria": {
      "has_prismarine": "2024-07-08 04:40:08 +0000"
    },
    "done": true
  },
  "minecraft:recipes/tools/wooden_hoe": {
    "criteria": {
      "has_stick": "2024-07-08 04:19:48 +0000"
    },
    "done": true
  },
  "byg:recipes/byg.byg/cika_chest_boat": {
    "criteria": {
      "has_boat": "2024-07-08 04:43:38 +0000"
    },
    "done": true
  },
  "regions_unexplored:regions_explored": {
    "criteria": {
      "regions_unexplored:autumnal_maple_forest": "2024-07-08 04:39:02 +0000",
      "regions_unexplored:cold_river": "2024-07-08 04:39:42 +0000"
    },
    "done": false
  },
  "byg:recipes/byg.byg/rainbow_eucalyptus_chest_boat": {
    "criteria": {
      "has_boat": "2024-07-08 04:43:38 +0000"
    },
    "done": true
  },
  "minecraft:recipes/building_blocks/cobblestone_slab": {
    "criteria": {
      "has_cobblestone": "2024-07-08 04:31:19 +0000"
    },
    "done": true
  },
  "smallships:recipes/transportation/jungle_galley": {
    "criteria": {
      "in_water": "2024-07-08 04:37:31 +0000"
    },
    "done": true
  },
  "byg:recipes/byg.byg/willow_chest_boat": {
    "criteria": {
      "has_boat": "2024-07-08 04:43:38 +0000"
    },
    "done": true
  },
  "smallships:recipes/transportation/acacia_brigg": {
    "criteria": {
      "in_water": "2024-07-08 04:37:31 +0000"
    },
    "done": true
  },
  "minecraft:recipes/building_blocks/cobblestone_stairs": {
    "criteria": {
      "has_cobblestone": "2024-07-08 04:31:19 +0000"
    },
    "done": true
  },
  "byg:recipes/byg.byg/white_mangrove_chest_boat": {
    "criteria": {
      "has_boat": "2024-07-08 04:43:38 +0000"
    },
    "done": true
  },
  "byg:recipes/byg.byg/ebony_chest_boat": {
    "criteria": {
      "has_boat": "2024-07-08 04:43:38 +0000"
    },
    "done": true
  },
  "minecraft:recipes/transportation/jungle_chest_boat": {
    "criteria": {
      "has_boat": "2024-07-08 04:43:38 +0000"
    },
    "done": true
  },
  "smallships:recipes/transportation/dark_oak_galley": {
    "criteria": {
      "in_water": "2024-07-08 04:37:31 +0000"
    },
    "done": true
  },
  "minecraft:story/root": {
    "criteria": {
      "crafting_table": "2024-07-08 04:25:40 +0000"
    },
    "done": true
  },
  "naturalist:recipes/food/cooked_egg": {
    "criteria": {
      "has_eggs": "2024-07-08 03:37:34 +0000"
    },
    "done": true
  },
  "byg:recipes/byg.byg/blue_enchanted_chest_boat": {
    "criteria": {
      "has_boat": "2024-07-08 04:43:38 +0000"
    },
    "done": true
  },
  "minecraft:recipes/combat/crossbow": {
    "criteria": {
      "has_stick": "2024-07-08 04:19:48 +0000"
    },
    "done": true
  },
  "minecraft:recipes/redstone/spruce_pressure_plate": {
    "criteria": {
      "has_planks": "2024-07-08 04:12:12 +0000"
    },
    "done": true
  },
  "minecraft:recipes/transportation/spruce_chest_boat": {
    "criteria": {
      "has_boat": "2024-07-08 04:43:38 +0000"
    },
    "done": true
  },
  "smallships:recipes/transportation/jungle_cog": {
    "criteria": {
      "in_water": "2024-07-08 04:37:31 +0000"
    },
    "done": true
  },
  "byg:recipes/byg.byg/green_enchanted_chest_boat": {
    "criteria": {
      "has_boat": "2024-07-08 04:43:38 +0000"
    },
    "done": true
  },
  "minecraft:recipes/decorations/prismarine_wall": {
    "criteria": {
      "has_prismarine": "2024-07-08 04:40:08 +0000"
    },
    "done": true
  },
  "byg:recipes/byg.byg/pine_chest_boat": {
    "criteria": {
      "has_boat": "2024-07-08 04:43:38 +0000"
    },
    "done": true
  },
  "minecraft:adventure/kill_a_mob": {
    "criteria": {
      "minecraft:zombie": "2024-07-08 04:15:29 +0000"
    },
    "done": true
  },
  "smallships:recipes/transportation/oak_brigg": {
    "criteria": {
      "in_water": "2024-07-08 04:37:31 +0000"
    },
    "done": true
  },
  "minecraft:recipes/transportation/acacia_chest_boat": {
    "criteria": {
      "has_boat": "2024-07-08 04:43:38 +0000"
    },
    "done": true
  },
  "byg:root": {
    "criteria": {
      "tick": "2024-07-08 03:37:34 +0000"
    },
    "done": true
  },
  "smallships:recipes/transportation/birch_galley": {
    "criteria": {
      "in_water": "2024-07-08 04:37:31 +0000"
    },
    "done": true
  },
  "byg:adventure/oh_the_biomes_youll_go": {
    "criteria": {
      "byg:allium_fields": "2024-07-08 04:12:40 +0000",
      "byg:coconino_meadow": "2024-07-08 04:39:00 +0000"
    },
    "done": false
  },
  "minecraft:recipes/transportation/oak_chest_boat": {
    "criteria": {
      "has_boat": "2024-07-08 04:43:38 +0000"
    },
    "done": true
  },
  "minecraft:recipes/building_blocks/prismarine_slab": {
    "criteria": {
      "has_prismarine": "2024-07-08 04:40:08 +0000"
    },
    "done": true
  },
  "minecraft:recipes/building_blocks/stone": {
    "criteria": {
      "has_cobblestone": "2024-07-08 04:31:19 +0000"
    },
    "done": true
  },
  "minecraft:story/mine_stone": {
    "criteria": {
      "get_stone": "2024-07-08 04:31:19 +0000"
    },
    "done": true
  },
  "smallships:recipes/transportation/oak_drakkar": {
    "criteria": {
      "in_water": "2024-07-08 04:37:31 +0000"
    },
    "done": true
  },
  "minecraft:recipes/decorations/furnace": {
    "criteria": {
      "has_cobblestone": "2024-07-08 04:31:19 +0000"
    },
    "done": true
  },
  "minecraft:recipes/misc/yellow_dye_from_sunflower": {
    "criteria": {
      "has_sunflower": "2024-07-08 04:44:41 +0000"
    },
    "done": true
  },
  "minecraft:adventure/adventuring_time": {
    "criteria": {
      "minecraft:birch_forest": "2024-07-08 03:39:40 +0000",
      "minecraft:stony_shore": "2024-07-08 04:39:09 +0000",
      "minecraft:grove": "2024-07-08 03:40:00 +0000",
      "minecraft:cold_ocean": "2024-07-08 04:39:43 +0000",
      "minecraft:forest": "2024-07-08 03:39:42 +0000",
      "minecraft:old_growth_birch_forest": "2024-07-08 03:37:35 +0000"
    },
    "done": false
  },
  "byg:husbandry/root": {
    "criteria": {
      "consumed_item": "2024-07-08 04:12:58 +0000"
    },
    "done": true
  },
  "smallships:recipes/transportation/birch_brigg": {
    "criteria": {
      "in_water": "2024-07-08 04:37:31 +0000"
    },
    "done": true
  },
  "minecraft:recipes/misc/charcoal": {
    "criteria": {
      "has_log": "2024-07-08 04:20:01 +0000"
    },
    "done": true
  },
  "minecraft:recipes/building_blocks/spruce_planks": {
    "criteria": {
      "has_logs": "2024-07-08 04:20:01 +0000"
    },
    "done": true
  },
  "minecraft:recipes/tools/wooden_pickaxe": {
    "criteria": {
      "has_stick": "2024-07-08 04:19:48 +0000"
    },
    "done": true
  },
  "minecraft:recipes/building_blocks/cobblestone_slab_from_cobblestone_stonecutting": {
    "criteria": {
      "has_cobblestone": "2024-07-08 04:31:19 +0000"
    },
    "done": true
  },
  "smallships:recipes/transportation/dark_oak_drakkar": {
    "criteria": {
      "in_water": "2024-07-08 04:37:31 +0000"
    },
    "done": true
  },
  "minecraft:husbandry/root": {
    "criteria": {
      "consumed_item": "2024-07-08 04:12:58 +0000"
    },
    "done": true
  },
  "minecraft:recipes/transportation/birch_boat": {
    "criteria": {
      "in_water": "2024-07-08 04:37:31 +0000"
    },
    "done": true
  },
  "minecraft:recipes/combat/stone_sword": {
    "criteria": {
      "has_cobblestone": "2024-07-08 04:31:19 +0000"
    },
    "done": true
  },
  "minecraft:recipes/decorations/barrel": {
    "criteria": {
      "has_planks": "2024-07-08 04:12:12 +0000"
    },
    "done": true
  },
  "minecraft:recipes/building_blocks/snow_block": {
    "criteria": {
      "has_snowball": "2024-07-08 04:26:06 +0000"
    },
    "done": true
  },
  "minecraft:recipes/decorations/cobblestone_wall": {
    "criteria": {
      "has_cobblestone": "2024-07-08 04:31:19 +0000"
    },
    "done": true
  },
  "minecraft:recipes/transportation/acacia_boat": {
    "criteria": {
      "in_water": "2024-07-08 04:37:31 +0000"
    },
    "done": true
  },
  "minecraft:recipes/tools/stone_pickaxe": {
    "criteria": {
      "has_cobblestone": "2024-07-08 04:31:19 +0000"
    },
    "done": true
  },
  "vanilla-hammers:hammers/root": {
    "criteria": {
      "wooden_pickaxe": "2024-07-08 04:31:12 +0000"
    },
    "done": true
  },
  "betteranimalsplus:root": {
    "criteria": {
      "tick": "2024-07-08 03:37:34 +0000"
    },
    "done": true
  },
  "minecraft:recipes/building_blocks/prismarine_slab_from_prismarine_stonecutting": {
    "criteria": {
      "has_prismarine": "2024-07-08 04:40:08 +0000"
    },
    "done": true
  },
  "minecraft:adventure/root": {
    "criteria": {
      "killed_something": "2024-07-08 03:42:13 +0000"
    },
    "done": true
  },
  "smallships:recipes/transportation/mangrove_galley": {
    "criteria": {
      "in_water": "2024-07-08 04:37:31 +0000"
    },
    "done": true
  },
  "smallships:recipes/misc/sail": {
    "criteria": {
      "in_water": "2024-07-08 04:37:31 +0000"
    },
    "done": true
  },
  "minecraft:recipes/transportation/jungle_boat": {
    "criteria": {
      "in_water": "2024-07-08 04:37:31 +0000"
    },
    "done": true
  },
  "minecraft:recipes/transportation/dark_oak_chest_boat": {
    "criteria": {
      "has_boat": "2024-07-08 04:43:38 +0000"
    },
    "done": true
  },
  "minecraft:recipes/decorations/cobblestone_wall_from_cobblestone_stonecutting": {
    "criteria": {
      "has_cobblestone": "2024-07-08 04:31:19 +0000"
    },
    "done": true
  },
  "byg:recipes/byg.byg/fir_chest_boat": {
    "criteria": {
      "has_boat": "2024-07-08 04:43:38 +0000"
    },
    "done": true
  },
  "minecraft:recipes/tools/stone_hoe": {
    "criteria": {
      "has_cobblestone": "2024-07-08 04:31:19 +0000"
    },
    "done": true
  },
  "minecraft:recipes/decorations/spruce_fence": {
    "criteria": {
      "has_planks": "2024-07-08 04:12:12 +0000"
    },
    "done": true
  },
  "minecraft:recipes/transportation/dark_oak_boat": {
    "criteria": {
      "in_water": "2024-07-08 04:37:31 +0000"
    },
    "done": true
  },
  "smallships:recipes/transportation/oak_galley": {
    "criteria": {
      "in_water": "2024-07-08 04:37:31 +0000"
    },
    "done": true
  },
  "minecraft:adventure/kill_all_mobs": {
    "criteria": {
      "minecraft:zombie": "2024-07-08 04:15:29 +0000",
      "minecraft:drowned": "2024-07-08 04:40:43 +0000"
    },
    "done": false
  },
  "smallships:recipes/transportation/mangrove_brigg": {
    "criteria": {
      "in_water": "2024-07-08 04:37:31 +0000"
    },
    "done": true
  },
  "smallships:recipes/transportation/spruce_galley": {
    "criteria": {
      "in_water": "2024-07-08 04:37:31 +0000"
    },
    "done": true
  },
  "byg:recipes/byg.byg/holly_chest_boat": {
    "criteria": {
      "has_boat": "2024-07-08 04:43:38 +0000"
    },
    "done": true
  },
  "byg:recipes/byg.byg/cherry_chest_boat": {
    "criteria": {
      "has_boat": "2024-07-08 04:43:38 +0000"
    },
    "done": true
  },
  "byg:recipes/byg.byg/mahogany_chest_boat": {
    "criteria": {
      "has_boat": "2024-07-08 04:43:38 +0000"
    },
    "done": true
  },
  "regions_unexplored:regions_unexplored": {
    "criteria": {
      "regions_unexplored": "2024-07-08 03:37:34 +0000"
    },
    "done": true
  },
  "smallships:recipes/transportation/acacia_drakkar": {
    "criteria": {
      "in_water": "2024-07-08 04:37:31 +0000"
    },
    "done": true
  },
  "smallships:recipes/transportation/spruce_brigg": {
    "criteria": {
      "in_water": "2024-07-08 04:37:31 +0000"
    },
    "done": true
  },
  "minecraft:recipes/building_blocks/spruce_stairs": {
    "criteria": {
      "has_planks": "2024-07-08 04:12:12 +0000"
    },
    "done": true
  },
  "smallships:recipes/transportation/jungle_brigg": {
    "criteria": {
      "in_water": "2024-07-08 04:37:31 +0000"
    },
    "done": true
  },
  "minecraft:recipes/redstone/spruce_trapdoor": {
    "criteria": {
      "has_planks": "2024-07-08 04:12:12 +0000"
    },
    "done": true
  },
  "minecraft:recipes/decorations/prismarine_wall_from_prismarine_stonecutting": {
    "criteria": {
      "has_prismarine": "2024-07-08 04:40:08 +0000"
    },
    "done": true
  },
  "betteranimalsplus:bad_fox": {
    "criteria": {
      "no_bam": "2024-07-08 03:37:41 +0000"
    },
    "done": false
  },
  "minecraft:recipes/transportation/birch_chest_boat": {
    "criteria": {
      "has_boat": "2024-07-08 04:43:38 +0000"
    },
    "done": true
  },
  "smallships:recipes/transportation/dark_oak_brigg": {
    "criteria": {
      "in_water": "2024-07-08 04:37:31 +0000"
    },
    "done": true
  },
  "naturalist:recipes/naturalist/spectral_arrow_from_glow_goop": {
    "criteria": {
      "has_glow_goop": "2024-07-08 04:36:09 +0000"
    },
    "done": true
  },
  "minecraft:story/upgrade_tools": {
    "criteria": {
      "stone_pickaxe": "2024-07-08 04:31:37 +0000"
    },
    "done": true
  },
  "smallships:recipes/transportation/dark_oak_cog": {
    "criteria": {
      "in_water": "2024-07-08 04:37:31 +0000"
    },
    "done": true
  },
  "minecraft:recipes/decorations/snow": {
    "criteria": {
      "has_snowball": "2024-07-08 04:26:06 +0000"
    },
    "done": true
  },
  "byg:recipes/byg.byg/baobab_chest_boat": {
    "criteria": {
      "has_boat": "2024-07-08 04:43:38 +0000"
    },
    "done": true
  },
  "immersive_armors:recipes/misc/warrior": {
    "criteria": {
      "has_item": "2024-07-08 04:40:58 +0000"
    },
    "done": true
  },
  "minecraft:recipes/decorations/soul_campfire": {
    "criteria": {
      "has_stick": "2024-07-08 04:19:48 +0000"
    },
    "done": true
  },
  "minecraft:recipes/transportation/oak_boat": {
    "criteria": {
      "in_water": "2024-07-08 04:37:31 +0000"
    },
    "done": true
  },
  "smallships:recipes/transportation/spruce_cog": {
    "criteria": {
      "in_water": "2024-07-08 04:37:31 +0000"
    },
    "done": true
  },
  "minecraft:recipes/tools/stone_axe": {
    "criteria": {
      "has_cobblestone": "2024-07-08 04:31:19 +0000"
    },
    "done": true
  },
  "smallships:recipes/transportation/mangrove_drakkar": {
    "criteria": {
      "in_water": "2024-07-08 04:37:31 +0000"
    },
    "done": true
  },
  "immersive_armors:recipes/misc/wooden": {
    "criteria": {
      "has_item": "2024-07-08 04:20:01 +0000"
    },
    "done": true
  },
  "byg:recipes/byg.byg/palm_chest_boat": {
    "criteria": {
      "has_boat": "2024-07-08 04:43:38 +0000"
    },
    "done": true
  },
  "DataVersion": 3120
}